departamento,municipio,rendimiento_inferido,produccion_esperada_t,ingreso_esperado_cop
NORTE DE SANTANDER,ABREGO,7.696858183763704,3455.889324509903,12441201568.235651
META,ACACIAS,18.944755217629332,757.7902087051733,2728044751.338624
CHOCO,ACANDI,8.794347195845294,466.1004013798006,1677961444.967282
HUILA,ACEVEDO,4.31381251923661,12216.717054478078,43980181396.121086
BOLIVAR,ACHI,5.181154929117619,1479.2197322630802,5325191036.147089
HUILA,AGRADO,4.6181280651206675,1209.718646658359,4354987127.970092
CUNDINAMARCA,AGUA DE DIOS,5.216310002521052,187.78716009075788,676033776.3267283
CESAR,AGUACHICA,6.985995943008122,537.9216876116254,1936518075.4018514
SANTANDER,AGUADA,6.176868903137046,40.1496478703908,144538732.3334069
CALDAS,AGUADAS,3.5516183551275207,6694.800599415376,24101282157.895355
CASANARE,AGUAZUL,11.99763309822407,2195.5668569750046,7904040685.110017
CESAR,AGUSTIN CODAZZI,8.004026671756748,2505.260348259862,9018937253.735502
HUILA,AIPE,6.97436583778517,4369.440197372409,15729984710.540672
CUNDINAMARCA,ALBAN,3.3102951422161024,880.5385078294833,3169938628.1861396
NARINO,ALBAN,5.858261024661085,4800.844909709759,17283041674.95513
CAQUETA,ALBANIA,6.183903878392113,1236.7807756784225,4452410792.442321
LA GUAJIRA,ALBANIA,4.262568572212706,23.44412714716988,84398857.72981156
VALLE DEL CAUCA,ALCALA,10.122903991116111,12147.484789339333,43730945241.6216
ANTIOQUIA,ALEJANDRIA,3.302723023199782,336.8777483663778,1212759894.11896
MAGDALENA,ALGARROBO,4.213680342457014,417.1543539032444,1501755674.0516796
HUILA,ALGECIRAS,5.637170781419518,8791.167833623738,31648204201.045456
CAUCA,ALMAGUER,9.759641836391378,9915.79610577364,35696865980.7851
HUILA,ALTAMIRA,4.404000280402284,880.8000560804569,3170880201.8896446
CHOCO,ALTO BAUDO,5.1525870490436505,1932.220143391369,6955992516.208928
BOLIVAR,ALTOS DEL ROSARIO,6.080305507192839,194.56977623017085,700451194.4286151
ANTIOQUIA,AMAGA,4.219952159363212,485.2944983267693,1747060193.9763694
ANTIOQUIA,AMALFI,3.328323242309844,1564.3119238856266,5631522925.988256
TOLIMA,AMBALEMA,11.793371453201441,271.24754342363315,976491156.3250794
CUNDINAMARCA,ANAPOIMA,13.957518188524014,656.0033548606286,2361612077.4982634
NARINO,ANCUYA,5.973744330317855,1058.5474953323237,3810770983.1963654
VALLE DEL CAUCA,ANDALUCIA,8.894930455005547,1190.4974920979423,4285790971.5525928
ANTIOQUIA,ANDES,5.105946402652526,5613.988069716453,20210357050.97923
ANTIOQUIA,ANGELOPOLIS,9.158956792907974,2417.964593327705,8704672535.979738
ANTIOQUIA,ANGOSTURA,5.139660835077631,1860.5572222981025,6698006000.273169
CUNDINAMARCA,ANOLAIMA,3.2651100763408896,32.6511007634089,117543962.74827203
ANTIOQUIA,ANORI,6.6422605393825105,411.82015344171566,1482552552.3901763
CALDAS,ANSERMA,14.394518925828526,57232.607249094224,206037386096.7392
VALLE DEL CAUCA,ANSERMANUEVO,13.87232642789588,16157.098590570331,58165554926.05319
ANTIOQUIA,ANZA,6.843802852106817,670.692679506468,2414493646.2232847
TOLIMA,ANZOATEGUI,6.920627111604629,2197.2991079344697,7910276788.564091
ANTIOQUIA,APARTADO,15.55819319649136,12306.530818424666,44303510946.3288
RISARALDA,APIA,11.84847372697423,19461.118096555172,70060025147.59862
CUNDINAMARCA,APULO,5.58102513457457,418.5768850930927,1506876786.3351338
MAGDALENA,ARACATACA,9.924287445459974,1399.3245298098564,5037568307.315483
CALDAS,ARANZAZU,7.943034238623914,2382.9102715871745,8578476977.713829
SANTANDER,ARATOCA,8.950488658671345,358.0195463468538,1288870366.8486736
ARAUCA,ARAUCA,13.931010821071876,5903.9623859702615,21254264589.492943
ARAUCA,ARAUQUITA,21.656886954410716,151230.04160265002,544428149769.5401
CUNDINAMARCA,ARBELAEZ,7.932106608187649,128.97605344913117,464313792.4168722
NARINO,ARBOLEDA,3.3601904500949233,1958.9910324053403,7052367716.659225
NORTE DE SANTANDER,ARBOLEDAS,7.891032855392224,2027.9954438358016,7300783597.808886
ANTIOQUIA,ARBOLETES,10.21820752396119,28110.288898417235,101197040034.30205
BOLIVAR,ARENAL,3.061157058091488,945.8975309502698,3405231111.4209714
ANTIOQUIA,ARGELIA,11.334918562353408,422.22571644766447,1520012579.211592
CAUCA,ARGELIA,3.9511697162977715,237.0701829778663,853452658.7203187
VALLE DEL CAUCA,ARGELIA,9.856220066886308,9787.226526418104,35234015495.10518
BOLIVAR,ARJONA,7.225945235859609,1322.3479781623084,4760452721.38431
ANTIOQUIA,ARMENIA,3.585203907310672,181.05279731918893,651790070.3490801
QUINDIO,ARMENIA,11.6781089990999,35326.2797222772,127174607000.19792
TOLIMA,ARMERO,6.88064915619956,688.064915619956,2477033696.2318416
BOLIVAR,ARROYOHONDO,7.887468597103407,60.73350819769623,218640629.51170644
TOLIMA,ATACO,7.067835315034593,8446.063201466339,30405827525.278816
CHOCO,ATRATO,10.044709159089702,974.3367884317012,3507612438.3541245
CHOCO,BAGADO,4.950710974379758,757.458779080103,2726851604.6883707
CHOCO,BAHIA SOLANO,3.3889060146097187,732.0036991556992,2635213316.9605174
CHOCO,BAJO BAUDO,4.15623281124576,1824.5862041368885,6568510334.892798
CAUCA,BALBOA,6.295791013651683,705.1285935289885,2538462936.7043586
RISARALDA,BALBOA,9.937023623762382,13998.285178794069,50393826643.658646
HUILA,BARAYA,5.202329191743545,941.6215837055817,3389837701.3400936
NARINO,BARBACOAS,5.405293002501981,918.8998104253368,3308039317.5312123
ANTIOQUIA,BARBOSA,4.2169501808346155,632.5425271251924,2277153097.6506925
SANTANDER,BARBOSA,6.096728528133713,231.67568406908111,834032462.648692
META,BARRANCA DE UPIA,11.954873102226017,2940.8987831476,10587235619.33136
SANTANDER,BARRANCABERMEJA,9.008277551046737,764.3523502063156,2751668460.7427363
LA GUAJIRA,BARRANCAS,6.866786029893804,1050.618262573752,3782225745.265507
BOLIVAR,BARRANCO DE LOBA,4.207711838016057,185.13932087270652,666501555.1417435
GUAINIA,BARRANCOMINAS,7.610124062950237,479.4378159658649,1725976137.4771137
CESAR,BECERRIL,9.874034162134485,2958.260634975492,10649738285.91177
CALDAS,BELALCAZAR,12.059485825319191,37474.85220217938,134909467927.84578
CAQUETA,BELEN DE LOS ANDAQUIES,7.057848151597662,5307.501810001442,19107006516.00519
RISARALDA,BELEN DE UMBRIA,12.897416138342255,72418.99161679175,260708369820.45032
ANTIOQUIA,BELLO,4.157982182072121,27.442682401675995,98793656.64603359
CUNDINAMARCA,BELTRAN,5.644276314855825,423.3207236141868,1523954605.0110724
BOYACA,BERBEO,5.946354569460433,47.570836555683464,171255011.60046047
ANTIOQUIA,BETANIA,3.3530919535689527,1106.5203446777543,3983473240.8399158
ANTIOQUIA,BETULIA,4.251768866856264,1062.942216714066,3826591980.1706376
CUNDINAMARCA,BITUIMA,11.35023000096102,170.2534500144153,612912420.0518951
BOYACA,BOAVITA,9.755333099688258,321.9259922897125,1158933572.242965
NORTE DE SANTANDER,BOCHALEMA,7.882348480484071,914.3524237361522,3291668725.450148
CHOCO,BOJAYA,7.271733735887416,9780.481874768575,35209734749.16687
CAUCA,BOLIVAR,6.040557214658841,2651.804617235231,9546496622.046831
VALLE DEL CAUCA,BOLIVAR,12.611849057286719,5851.897962581037,21066832665.291733
SANTANDER,BOLIVAR,11.09582893477005,2929.2988387792934,10545475819.605457
ANTIOQUIA,BRICENO,4.791191076985975,119.77977692464938,431207196.9287378
BOYACA,BRICENO,5.105541058318325,377.810038315556,1360116137.9360015
SANTANDER,BUCARAMANGA,13.092981037859822,1110.2847920105128,3997025251.237846
NORTE DE SANTANDER,BUCARASICA,4.106820457041921,36.961384113377285,133060982.80815823
VALLE DEL CAUCA,BUENAVENTURA,4.163011433202566,736.8530236768543,2652670885.2366753
CORDOBA,BUENAVISTA,7.311212550055654,307.07092710233746,1105455337.568415
QUINDIO,BUENAVISTA,9.854450887666356,18207.08346005236,65545500456.18849
SUCRE,BUENAVISTA,4.390069664024122,70.24111462438596,252868012.64778945
CAUCA,BUENOS AIRES,6.45089692239688,258.0358768958752,928929156.8251508
NARINO,BUESACO,6.0717659585905945,36.430595751543564,131150144.70555682
VALLE DEL CAUCA,BUGALAGRANDE,7.978434738096846,2058.4361624289863,7410370184.74435
ANTIOQUIA,BURITICA,6.110373522863034,207.75269977734314,747909719.1984353
SANTANDER,CABRERA,4.450599803272445,40.05539822945201,144199433.62602723
META,CABUYARO,14.977228327483393,11143.057875647644,40115008352.33152
ANTIOQUIA,CACERES,7.958565738911869,4225.998407362203,15213594266.50393
CUNDINAMARCA,CACHIPAY,11.33796333196079,770.9815065733337,2775533423.6640015
ANTIOQUIA,CAICEDO,4.2857818877520355,45.00070982139637,162002555.35702693
VALLE DEL CAUCA,CAICEDONIA,8.071941235469048,23723.43529104353,85404367047.7567
TOLIMA,CAJAMARCA,8.296953811113035,1190.6128718947205,4286206338.820994
CAUCA,CAJIBIO,3.832475295120113,114.97425885360339,413907331.8729722
GUAVIARE,CALAMAR,9.667065815365952,6389.930503956894,23003749814.244823
QUINDIO,CALARCA,12.010499186105047,40715.59224089611,146576132067.22598
ANTIOQUIA,CALDAS,9.191272949190443,198.53149570251358,714713384.5290489
CAUCA,CALDONO,5.531079490444743,876.6760992354917,3156033957.2477703
SANTANDER,CALIFORNIA,5.039002000595049,70.5460280083307,253965700.8299905
VALLE DEL CAUCA,CALIMA,11.823938358801376,3985.258423834004,14346930325.802416
CAUCA,CALOTO,11.059901323053698,165.89851984580545,597234671.4448997
ATLANTICO,CAMPO DE LA CRUZ,4.38330638685659,8.76661277371318,31559805.985367447
HUILA,CAMPOALEGRE,4.236650401243338,3374.492044590319,12148171360.525148
BOYACA,CAMPOHERMOSO,13.825379752315452,566.8405698449335,2040626051.4417605
CORDOBA,CANALETE,14.63354512817084,41559.26816400519,149613365390.41867
ANTIOQUIA,CANASGORDAS,4.784820514907513,1014.3819491603928,3651775016.977414
VALLE DEL CAUCA,CANDELARIA,7.810249811645102,57.01482362500924,205253365.05003327
ATLANTICO,CANDELARIA,3.4799092741602213,78.29795866860498,281872651.2069779
BOLIVAR,CANTAGALLO,11.231912153675,3627.907625637025,13060467452.29329
CUNDINAMARCA,CAPARRAPI,6.024094010549942,1807.2282031649827,6506021531.393938
ANTIOQUIA,CARACOLI,10.063309253115417,311.96258684657795,1123065312.6476805
ANTIOQUIA,CARAMANTA,3.6590424112138784,1986.860029289136,7152696105.440889
ANTIOQUIA,CAREPA,7.959244081882915,5460.04144017168,19656149184.61805
TOLIMA,CARMEN DE APICALA,6.182008863458809,92.73013295188214,333828478.62677574
CHOCO,CARMEN DEL DARIEN,8.196635843000777,11311.357463341074,40720886868.02786
BOLIVAR,CARTAGENA DE INDIAS,7.214626733948881,281.3704426240064,1012933593.4464229
CAQUETA,CARTAGENA DEL CHAIRA,5.4228026479032065,23269.24616215266,83769286183.74957
VALLE DEL CAUCA,CARTAGO,11.485913529924858,1952.6053000872257,7029379080.314013
VAUPES,CARURU,2.7598170994802644,551.9634198960529,1987068311.6257904
TOLIMA,CASABIANCA,4.473609377950715,6437.5238948710785,23175086021.53588
META,CASTILLA LA NUEVA,7.978957576666026,79.78957576666026,287242472.7599769
ANTIOQUIA,CAUCASIA,6.888554991211349,34.442774956056745,123993989.84180428
CORDOBA,CERETE,16.120562331757142,3224.1124663514283,11606804878.86514
CHOCO,CERTEGUI,4.1552379939256205,232.69332765983475,837695979.5754051
NARINO,CHACHAGUI,6.0743414317466025,492.0216559714748,1771277961.4973092
CUNDINAMARCA,CHAGUANI,7.584209459770737,4565.694094781983,16436498741.21514
SUCRE,CHALAN,4.2869541775134365,338.6693800235615,1219209768.0848212
CASANARE,CHAMEZA,5.084493485765117,167.78828503024886,604037826.1088959
TOLIMA,CHAPARRAL,4.22610140792585,3317.4896052217923,11942962578.798452
SANTANDER,CHARALA,7.608098430107567,2031.3622808387204,7312904211.019393
ANTIOQUIA,CHIGORODO,11.334878418732332,340.04635256196997,1224166869.223092
SANTANDER,CHIMA,5.194572550149333,3285.567137969453,11828041696.690031
CORDOBA,CHIMA,2.779691975089777,8.33907592526933,30020673.33096959
CESAR,CHIMICHAGUA,7.820276079080264,1958.979157809606,7052324968.114582
NORTE DE SANTANDER,CHINACOTA,7.062250875885924,819.2211016027672,2949195965.769962
BOYACA,CHINAVITA,5.262373415241109,47.36136073716998,170500898.65381193
CALDAS,CHINCHINA,18.781103943273383,12207.717563127699,43947783227.25972
SANTANDER,CHIPATA,12.379893710652984,408.5364924515485,1470731372.8255746
CESAR,CHIRIGUANA,6.075868775280857,364.55212651685144,1312387655.4606652
NORTE DE SANTANDER,CHITAGA,8.063857705728541,209.66030034894206,754777081.2561914
BOYACA,CHITARAQUE,4.5876694923425445,139.0063856179791,500422988.22472477
BOYACA,CHIVOR,6.0320519842429094,63.33654583455055,228011565.00438195
BOLIVAR,CICUCO,5.628333709578953,33.77000225747372,121572008.1269054
MAGDALENA,CIENAGA,8.00815515444344,13990.24705481269,50364889397.325676
CORDOBA,CIENAGA DE ORO,14.351261927250556,2870.2523854501114,10332908587.620401
SANTANDER,CIMITARRA,9.957349141864055,5844.963946274201,21041870206.58712
QUINDIO,CIRCASIA,7.426464075159317,5978.3035805032505,21521892889.811703
ANTIOQUIA,CIUDAD BOLIVAR,3.4416951045033013,2278.4021591811857,8202247773.052269
BOLIVAR,CLEMENCIA,8.962824322528398,9491.630957557574,34169871447.207264
ANTIOQUIA,COCORNA,6.569309922256244,3212.3925519833033,11564613187.13989
HUILA,COLOMBIA,5.153913301408586,1685.3296495606078,6067186738.418188
NARINO,COLON,10.014807607515069,2560.786305241603,9218830698.86977
SUCRE,COLOSO,7.962562980614997,477.75377883689987,1719913603.8128395
ANTIOQUIA,CONCORDIA,6.192847024969081,3659.9725917567266,13175901330.324215
MAGDALENA,CONCORDIA,3.3491447035922746,2.0094868221553646,7234152.559759312
CHOCO,CONDOTO,5.074277915156255,261.8327404220628,942597865.5194261
SANTANDER,CONFINES,11.861142038858207,1304.7256242744027,4697012247.38785
SANTANDER,CONTRATACION,4.2183027552401695,210.91513776200847,759294495.9432305
NORTE DE SANTANDER,CONVENCION,5.710836420917349,3523.5860717060045,12684909858.141617
ANTIOQUIA,COPACABANA,4.106071378311381,41.06071378311381,147818569.6192097
BOYACA,COPER,8.901094401355438,1139.340083373496,4101624300.1445856
QUINDIO,CORDOBA,8.283116756291781,11414.963201845703,41093867526.64453
BOLIVAR,CORDOBA,2.844212836409788,7.11053209102447,25597915.527688093
CAUCA,CORINTO,7.9813322239348405,1332.8824813971185,4798376933.029627
SANTANDER,COROMORO,7.847032349156692,1090.7374965327801,3926654987.518008
SUCRE,COROZAL,8.375925748874334,209.39814372185833,753833317.39869
CORDOBA,COTORRA,7.055881471383355,254.0117329698008,914442238.6912827
SUCRE,COVENAS,11.134436776052363,189.28542519289016,681427530.6944046
ARAUCA,CRAVO NORTE,17.2944276919789,1988.8591845775734,7159893064.479264
BOYACA,CUBARA,10.079056429485341,70.55339500639738,253992222.02303058
NORTE DE SANTANDER,CUCUTILLA,9.643262510120305,4748.342459983238,17094032855.939657
META,CUMARAL,11.973539857526152,1843.9251380590274,6638130497.012499
VICHADA,CUMARIBO,7.036210037877492,14776.041079542732,53193747886.353836
NARINO,CUMBITARA,5.730302596529561,538.6484440737787,1939134398.6656032
TOLIMA,CUNDAY,5.35654372339282,712.420315211245,2564713134.760482
SANTANDER,CURITI,7.975696187753773,1962.021262187428,7063276543.874741
CESAR,CURUMANI,6.232203752635631,3708.1612328182005,13349380438.145521
ANTIOQUIA,DABEIBA,17.896194899043135,1539.0727613177096,5540661940.743754
VALLE DEL CAUCA,DAGUA,11.564360075713184,14617.351135701465,52622464088.525276
LA GUAJIRA,DIBULLA,6.0907395429810025,7729.1484800428925,27824934528.154415
LA GUAJIRA,DISTRACCION,5.140029828944957,102.80059657889915,370082147.6840369
TOLIMA,DOLORES,7.0561912250987735,1150.1591696911,4140573010.88796
ANTIOQUIA,DONMATIAS,7.010063112312334,17.525157780780837,63090568.010811016
RISARALDA,DOSQUEBRADAS,9.84031739977457,3530.7058830391156,12710541178.940815
NORTE DE SANTANDER,DURANIA,6.322859340638659,2668.246641749514,9605687910.29825
ANTIOQUIA,EBEJICO,5.1903596769694165,7790.729875131095,28046627550.47194
VALLE DEL CAUCA,EL AGUILA,12.564245977037405,26384.91655177855,94985699586.40279
ANTIOQUIA,EL BAGRE,9.464634115806035,1815.3168234115976,6535140564.281752
MAGDALENA,EL BANCO,7.088127393255439,276.43696833696214,995173086.0130637
VALLE DEL CAUCA,EL CAIRO,9.59529058883026,22817.60102023836,82143363672.8581
NORTE DE SANTANDER,EL CARMEN,7.968003677506511,10007.812618948177,36028125428.21344
CHOCO,EL CARMEN DE ATRATO,8.129263286966903,1853.4720294284539,6672499305.942434
BOLIVAR,EL CARMEN DE BOLIVAR,9.863921701355803,6806.105973935504,24501981506.167812
SANTANDER,EL CARMEN DE CHUCURI,3.3161295425540938,4974.194313831141,17907099529.792107
META,EL CASTILLO,15.801851565203538,20005.144081547678,72018518693.57164
NARINO,EL CHARCO,9.98030657097084,30180.447070615817,108649609454.21695
CUNDINAMARCA,EL COLEGIO,4.611594656085979,1231.2957731749564,4432664783.429843
CESAR,EL COPEY,11.760574270096832,1117.254555659199,4022116400.3731165
CAQUETA,EL DONCELLO,8.029121721362491,1645.9699528793108,5925491830.365519
META,EL DORADO,9.837197416991977,1524.7655996337564,5489156158.681523
VALLE DEL CAUCA,EL DOVIO,9.856841070092942,1978.2680027676533,7121764809.963552
SANTANDER,EL GUACAMAYO,7.299319340399947,80.29251274439942,289053045.8798379
BOLIVAR,EL GUAMO,6.051004711556703,544.5904240401032,1960525526.5443716
CHOCO,EL LITORAL DEL SAN JUAN,6.17974897430945,803.3673666602285,2892122519.976823
LA GUAJIRA,EL MOLINO,7.74194454839885,425.80695016193675,1532905020.5829723
CAQUETA,EL PAUJIL,6.88093791728099,330.28502002948755,1189026072.1061552
BOLIVAR,EL PENON,2.8826839236321757,219.08397819604536,788702321.5057633
CUNDINAMARCA,EL PENON,9.830909511464375,683.248211046774,2459693559.768387
SANTANDER,EL PENON,11.981108918209047,227.6410694459719,819507850.0054989
SANTANDER,EL PLAYON,8.100892549029554,1855.104393727768,6678375817.419965
GUAVIARE,EL RETORNO,6.183354583543298,9955.20087950471,35838723166.21696
SUCRE,EL ROBLE,5.9355262217838005,59.355262217838,213678943.9842168
NARINO,EL ROSARIO,6.990999700329654,69.90999700329654,251675989.21186754
ANTIOQUIA,EL SANTUARIO,6.1038675015900345,12.207735003180069,43947846.01144825
NARINO,EL TABLON DE GOMEZ,5.987855088964558,1580.7937434866433,5690857476.551915
CAUCA,EL TAMBO,14.134344059170145,55123.941830763564,198446190590.7488
NARINO,EL TAMBO,8.649980562402712,3693.541700145958,13296750120.52545
NORTE DE SANTANDER,EL TARRA,7.959785457206302,2348.136709875859,8453292155.553093
NORTE DE SANTANDER,EL ZULIA,8.023070445274545,6290.087229095243,22644314024.742874
HUILA,ELIAS,4.216610000168893,796.9392900319207,2868981444.1149144
TOLIMA,ESPINAL,3.6722950299549666,403.9524532950463,1454228831.8621666
TOLIMA,FALAN,8.420572952270135,25009.1016682423,90032766005.67227
CALDAS,FILADELFIA,11.19811960895477,7183.593729144484,25860937424.920143
QUINDIO,FILANDIA,5.986702299401827,12931.276966707946,46552597080.148605
TOLIMA,FLANDES,6.933343341694194,27.733373366776775,99840144.12039639
CAQUETA,FLORENCIA,6.016191345823691,4151.172028618346,14944219303.026047
CAUCA,FLORENCIA,6.044541835427119,622.5878090489932,2241316112.5763755
VALLE DEL CAUCA,FLORIDA,7.983502313695578,2344.3554544167064,8439679635.900144
LA GUAJIRA,FONSECA,6.129425392491042,931.6726596586384,3354021574.771098
ARAUCA,FORTUL,19.094120351446673,61864.94993868722,222713819779.274
NARINO,FRANCISCO PIZARRO,7.81489370532652,9932.729899470007,35757827638.092026
ANTIOQUIA,FREDONIA,4.17715426120755,4381.834820006719,15774605352.02419
TOLIMA,FRESNO,8.07255822802604,21618.310934653735,77825919364.75343
ANTIOQUIA,FRONTINO,6.397855992566431,314.0067721151604,1130424379.6145773
META,FUENTE DE ORO,24.9265691207425,224311.95212634088,807523027654.8271
MAGDALENA,FUNDACION,6.956454721443483,5467.773411054577,19683984279.79648
CUNDINAMARCA,FUSAGASUGA,4.356776058091583,95.84907327801483,345056663.8008534
CUNDINAMARCA,GACHALA,4.1120704718973595,20.5603523594868,74017268.49415247
SANTANDER,GALAN,7.0252782169685,639.3003177441335,2301481143.8788805
SUCRE,GALERAS,5.026699945564503,120.64079869354808,434306875.2967731
CESAR,GAMARRA,7.904099488997636,150.17789029095508,540640405.0474383
SANTANDER,GAMBITA,5.175577305247562,72.45808227346586,260849096.1844771
BOYACA,GARAGOA,6.933589111729459,110.93742578767134,399374732.8356169
HUILA,GARZON,11.347954035763108,32262.233323674514,116144039965.22824
QUINDIO,GENOVA,10.086411187304176,20616.624466849735,74219848080.65904
VALLE DEL CAUCA,GINEBRA,15.257104297443117,1129.0257180107906,4064492584.838846
ANTIOQUIA,GIRALDO,5.056908516906752,50.56908516906752,182048706.60864308
CUNDINAMARCA,GIRARDOT,11.635782112623158,523.6101950680421,1884996702.2449517
ANTIOQUIA,GIRARDOTA,10.88846603923096,462.9775759881004,1666719273.5571613
ANTIOQUIA,GOMEZ PLATA,5.877829711202909,7133.921920486971,25682118913.753098
META,GRANADA,16.097703597935574,64394.03393246188,231818522156.8628
ANTIOQUIA,GRANADA,3.8948638709131007,23.369183225478604,84129059.61172298
VALLE DEL CAUCA,GUACARI,11.241205336346528,2225.7586565966126,8012731163.747806
CAUCA,GUACHENE,13.098725657265312,654.9362828632657,2357770618.3077564
VALLE DEL CAUCA,GUADALAJARA DE BUGA,8.09175381083906,283.21138337936713,1019560980.1657218
HUILA,GUADALUPE,3.680717946570671,3754.3323055020846,13515596299.807505
ANTIOQUIA,GUADALUPE,4.059199453754185,40.59199453754185,146131180.33515066
CUNDINAMARCA,GUADUAS,6.144279294669323,3035.2739715666453,10926986297.639923
META,GUAMAL,7.34455278878942,220.3365836636826,793211701.1892573
TOLIMA,GUAMO,7.78887124010069,1752.4960290226552,6308985704.481559
CAUCA,GUAPI,12.616988008130022,3671.5435103658365,13217556637.31701
SANTANDER,GUAPOTA,11.71788598612942,93.74308788903537,337475116.4005273
SUCRE,GUARANDA,6.018065619331302,334.00264187288724,1202409510.742394
CUNDINAMARCA,GUATAQUI,9.777974449658178,1437.3622440997522,5174504078.759108
RISARALDA,GUATICA,5.27227021818905,6512.308173507115,23444309424.625614
SANTANDER,GUAVATA,14.417468550751204,446.9415250732873,1608989490.2638345
CUNDINAMARCA,GUAYABAL DE SIQUIMA,5.244596996710726,482.5029236973868,1737010525.3105924
BOYACA,GUAYATA,4.764564087054459,533.6311777500994,1921072239.9003577
SANTANDER,GUEPSA,4.490774009051169,17.963096036204675,64667145.73033683
NORTE DE SANTANDER,HACARI,6.0215349616349245,295.0552131201113,1062198767.2324008
BOLIVAR,HATILLO DE LOBA,5.106116851533049,334.961265460568,1205860555.6580448
SANTANDER,HATO,7.872867451119138,102.34727686454879,368450196.71237564
CASANARE,HATO COROZAL,7.8648746679719945,3499.8692272475378,12599529218.091135
ANTIOQUIA,HELICONIA,4.571835550371098,640.5141606069908,2305850978.185167
TOLIMA,HERVEO,8.74419623613171,8105.8699108940955,29181131679.218742
ANTIOQUIA,HISPANIA,12.09012495563604,1378.2742449425086,4961787281.793031
HUILA,HOBO,3.659735404352892,589.2174001008157,2121182640.3629365
TOLIMA,HONDA,12.42954632851377,472.3227604835232,1700361937.7406836
TOLIMA,IBAGUE,11.82215581522271,11822.15581522271,42559760934.80176
NARINO,ILES,6.806692242099132,40.84015345259479,147024552.42934126
GUAINIA,INIRIDA,7.972712368306054,1291.5794036655807,4649685853.19609
CAUCA,INZA,7.5230603270345195,334.7761845530361,1205194264.3909302
NARINO,IPIALES,7.547418323994833,67.9267649159535,244536353.69743258
HUILA,IQUIRA,4.237152958290251,4076.5648611710503,14675633500.215782
HUILA,ISNOS,4.227616091052571,1786.1677984697112,6430204074.490961
CHOCO,ISTMINA,5.142261182327744,1105.586154200465,3980110155.121674
ANTIOQUIA,ITAGUI,4.193347298031935,8.38669459606387,30192100.545829933
ANTIOQUIA,ITUANGO,4.377762357544912,1440.283815632276,5185021736.276194
CAUCA,JAMBALO,2.8114930069750015,140.57465034875008,506068741.2555003
VALLE DEL CAUCA,JAMUNDI,11.634079343557232,610.7891655367547,2198840995.932317
ANTIOQUIA,JARDIN,6.5799319899335345,7882.758523940374,28377930686.18535
ANTIOQUIA,JERICO,7.958153090565663,11300.57738860324,40682078598.971664
CUNDINAMARCA,JERUSALEN,5.593760694779018,618.1105567730815,2225198004.3830934
SANTANDER,JESUS MARIA,6.951000757365183,500.4720545302931,1801699396.309055
CUNDINAMARCA,JUNIN,6.970962852137154,125.47733133846877,451718392.8184876
CHOCO,JURADO,6.198089949419279,3204.4125038497673,11535885013.859161
CORDOBA,LA APARTADA,3.573213529638251,7.146427059276502,25727137.41339541
HUILA,LA ARGENTINA,7.051610271336143,2506.847451459999,9024650825.255995
ANTIOQUIA,LA CEJA,4.686501701240206,56.23802041488247,202456873.49357688
RISARALDA,LA CELIA,8.024356686716832,9188.690841959444,33079287031.053997
NARINO,LA CRUZ,5.071883200168417,126.79708000421041,456469488.0151575
VALLE DEL CAUCA,LA CUMBRE,9.643737436234652,3598.078437459149,12953082374.852936
CALDAS,LA DORADA,7.76514052936135,372.7267454093448,1341816283.4736414
NORTE DE SANTANDER,LA ESPERANZA,11.64747336011258,6394.462874701806,23020066348.926502
ANTIOQUIA,LA ESTRELLA,9.912959756112283,480.7785481714457,1730802773.4172046
NARINO,LA FLORIDA,10.803133244478804,12007.682601238192,43227657364.45749
CESAR,LA GLORIA,8.140504045192115,1945.5804668009155,7004089680.483295
CESAR,LA JAGUA DE IBIRICO,7.0224685603097345,2106.7405680929205,7584266045.134514
LA GUAJIRA,LA JAGUA DEL PILAR,4.280856253787318,410.96220036358255,1479463921.3088973
NARINO,LA LLANADA,4.4004395502784766,567.6567019859235,2043564127.1493247
META,LA MACARENA,12.167077960998514,6813.563658159168,24528829169.373005
CALDAS,LA MERCED,7.891339255705011,1704.5292792322825,6136305405.2362175
CUNDINAMARCA,LA MESA,6.219089596186697,572.1562428491761,2059762474.257034
CAQUETA,LA MONTANITA,4.399722154412573,140.79110894120234,506847992.1883284
CUNDINAMARCA,LA PALMA,7.958846194754987,1886.2465481569318,6790487573.364954
CESAR,LA PAZ,9.620307386045344,3078.4983635345097,11082594108.724236
SANTANDER,LA PAZ,5.573923046847266,69.67403808559082,250826537.10812697
CUNDINAMARCA,LA PENA,7.322875915921838,790.8705989195585,2847134156.1104107
ANTIOQUIA,LA PINTADA,4.546043463718169,50.006478100899855,180023321.16323948
HUILA,LA PLATA,5.178238531898413,7775.642979498656,27992314726.19516
NORTE DE SANTANDER,LA PLAYA,10.628455134246229,850.2764107396983,3060995078.6629143
VICHADA,LA PRIMAVERA,8.915883934108578,1203.644331104658,4333119591.976769
CASANARE,LA SALINA,5.30473658327119,355.4173510791697,1279502463.885011
CAUCA,LA SIERRA,12.545985236775243,1041.3167746523452,3748740388.7484426
QUINDIO,LA TEBAIDA,9.15553403169504,10872.196662637862,39139907985.49631
NARINO,LA TOLA,5.377554395735132,252.7450565995512,909882203.7583843
NARINO,LA UNION,8.64575458551564,2468.362934164715,8886106562.992975
SUCRE,LA UNION,5.1397586976520895,385.4819023239067,1387734848.366064
VALLE DEL CAUCA,LA UNION,9.817373362090162,408.40273186295076,1470249834.7066226
CAUCA,LA VEGA,2.3519923998542756,1270.0758959213088,4572273225.316711
CUNDINAMARCA,LA VEGA,5.3618169644926335,1528.1178348804006,5501224205.569443
BOYACA,LA VICTORIA,11.115545386241152,172.29095348673786,620247432.5522562
VALLE DEL CAUCA,LA VICTORIA,10.15933290288217,995.6146244824527,3584212648.1368294
RISARALDA,LA VIRGINIA,11.852879187968638,248.9104629473414,896077666.6104289
NORTE DE SANTANDER,LABATECA,7.979253273803934,1962.8963053557677,7066426699.280764
BOYACA,LABRANZAGRANDE,6.11462632401872,238.47042663673008,858493535.8922282
SANTANDER,LEBRIJA,14.203060843390334,1107.838745784446,3988219484.8240056
NARINO,LEIVA,9.703267407261436,58.21960444356861,209590575.996847
META,LEJANIAS,9.954813675072781,696.8369572550947,2508613046.118341
TOLIMA,LERIDA,7.618154320072236,1142.7231480108353,4113803332.839007
AMAZONAS,LETICIA,5.145908416932074,1384.249364154728,4983297710.957021
TOLIMA,LIBANO,6.96684026080003,14282.022534640062,51415281124.70422
ANTIOQUIA,LIBORINA,7.6703299531860285,475.56045709753374,1712017645.5511215
NARINO,LINARES,9.783199844711095,4196.99273338106,15109173840.171816
CHOCO,LLORO,5.1254759374702505,379.28521937279857,1365426789.742075
CAUCA,LOPEZ DE MICAY,5.16234275880385,1982.3396193806784,7136422629.770442
CORDOBA,LORICA,11.952624292293812,59954.36345014576,215835708420.52475
NARINO,LOS ANDES,6.850237563550209,7432.507756451977,26757027923.227116
CORDOBA,LOS CORDOBAS,9.040911817841652,36778.42927497984,132402345389.92743
SUCRE,LOS PALMITOS,4.87819247928145,180.49312173341366,649775238.2402892
NORTE DE SANTANDER,LOS PATIOS,9.872969856186891,276.44315597323293,995195361.5036385
NORTE DE SANTANDER,LOURDES,8.777694749702954,1268.3768913320769,4566156808.795476
ATLANTICO,LURUACO,16.14305987138359,936.2974725402481,3370670901.144893
ANTIOQUIA,MACEO,14.03392537934778,1824.4102993152114,6567877077.534761
BOLIVAR,MAGANGUE,6.117412018384061,183.52236055152184,660680497.9854786
NARINO,MAGUI,6.933426201830645,1026.1470778709356,3694129480.335368
BOLIVAR,MAHATES,11.845010491185972,3553.5031473557915,12792611330.48085
SANTANDER,MALAGA,9.725372087469351,92.39103483095883,332607725.3914518
NARINO,MALLAMA,4.408302424479507,149.8822824323032,539576216.7562916
CESAR,MANAURE BALCON DEL CESAR,7.835130867218188,1896.1016698668016,6825966011.520485
CASANARE,MANI,6.627268981104849,1855.6353147093578,6680287132.953688
CALDAS,MANIZALES,14.30136865671469,22424.546053728634,80728365793.42308
CUNDINAMARCA,MANTA,8.900980765479114,275.9304037298525,993349453.427469
CALDAS,MANZANARES,6.200728652869226,2945.3461101128823,10603245996.406376
META,MAPIRIPAN,7.968252353418139,10039.997965306855,36143992675.104675
BOLIVAR,MARGARITA,7.037482933733157,105.56224400599736,380024078.4215905
BOLIVAR,MARIA LA BAJA,7.978197673753234,3989.098836876617,14360755812.755821
BOYACA,MARIPI,6.555741973824331,419.56748632475717,1510442950.7691257
CALDAS,MARMATO,5.452744742145299,1254.1312906934188,4514872646.496308
CALDAS,MARQUETALIA,6.079848786178221,1945.5516115770308,7003985801.677311
RISARALDA,MARSELLA,7.047993761820329,8041.760882236996,28950339176.053185
CALDAS,MARULANDA,5.990351562636823,131.7877343780101,474435843.76083636
SANTANDER,MATANZA,11.31832084728163,3791.637483839346,13649894941.821644
ANTIOQUIA,MEDELLIN,6.125091540458181,862.1678852348934,3103804386.845617
CUNDINAMARCA,MEDINA,11.347893785412445,1134.7893785412446,4085241762.7484803
CHOCO,MEDIO ATRATO,13.858992472814403,13415.504713684342,48295816969.26363
CHOCO,MEDIO BAUDO,4.8588090194011,6501.086467958672,23403911284.65122
CHOCO,MEDIO SAN JUAN,6.00381229299041,648.4117276429643,2334282219.5146713
TOLIMA,MELGAR,5.151647995096974,87.57801591664857,315280857.29993486
CAUCA,MERCADERES,8.108508823177061,1232.4933411229133,4436976028.042488
META,MESETAS,12.662827390903596,6141.471284588244,22109296624.517677
CAQUETA,MILAN,5.151290072469941,6562.743552326704,23625876788.376133
BOYACA,MIRAFLORES,5.161010841458948,286.4361017009716,1031169966.1234978
GUAVIARE,MIRAFLORES,5.659167175329962,3225.7252899380783,11612611043.777082
CAUCA,MIRANDA,13.724514615280597,1880.2585022934418,6768930608.256391
RISARALDA,MISTRATO,7.437589974556076,1209.352129862818,4353667667.506145
VAUPES,MITU,4.112585136435599,246.75510818613594,888318389.4700893
PUTUMAYO,MOCOA,4.320222177897549,5231.789057433933,18834440606.762157
SANTANDER,MOGOTES,8.940051767181819,643.6837272370909,2317261418.0535274
CORDOBA,MOMIL,5.112224723564779,127.80561808911948,460100225.1208301
BOYACA,MONIQUIRA,7.072232550755416,4632.312320744797,16676324354.68127
CORDOBA,MONITOS,4.049592758351786,5807.116015476462,20905617655.715263
ANTIOQUIA,MONTEBELLO,10.037238691256176,903.3514822130559,3252065335.967001
BOLIVAR,MONTECRISTO,8.026693156446898,1436.7780750039947,5172401070.01438
CORDOBA,MONTELIBANO,6.043910659336447,326.3711756041681,1174936232.1750052
QUINDIO,MONTENEGRO,13.827957241388763,34293.33395864413,123456002251.11887
CORDOBA,MONTERIA,5.657837176819925,8622.543857473565,31041157886.904835
CASANARE,MONTERREY,16.263772903230794,1382.4206967746175,4976714508.388622
BOLIVAR,MORALES,6.084769220385336,1058.7498443470486,3811499439.6493745
CAQUETA,MORELIA,5.0565816057441,45.5092344516969,163833244.02610883
SUCRE,MORROA,10.143800894177623,689.7784608040783,2483202458.894682
NARINO,MOSQUERA,5.2272264431121265,533.1770971974369,1919437549.9107728
ANTIOQUIA,MURINDO,5.147301321792162,1518.4538899286879,5466434003.743276
ANTIOQUIA,MUTATA,7.07772694076491,1061.6590411147365,3821972548.0130515
BOYACA,MUZO,7.981401128820506,446.95846321394833,1609050467.570214
ANTIOQUIA,NARINO,3.3187496655330775,915.9749076871294,3297509667.673666
CUNDINAMARCA,NARINO,5.077799880575201,126.94499701438002,457001989.2517681
HUILA,NATAGA,6.0896892986336075,1998.6360278115499,7195089700.12158
TOLIMA,NATAGAIMA,4.003899108921471,276.2690385155815,994568538.6560932
ANTIOQUIA,NECHI,4.4420902663378365,621.8926372872971,2238813494.2342696
ANTIOQUIA,NECOCLI,10.117491639271122,27711.809599963606,99762514559.86897
CALDAS,NEIRA,6.294070893289239,5085.609281777704,18308193414.399734
HUILA,NEIVA,9.45535171402469,14419.411363887653,51909880909.99555
CUNDINAMARCA,NIMAIMA,7.217096035105207,295.9009374393135,1065243374.7815287
CUNDINAMARCA,NOCAIMA,9.78977430329862,146.84661454947928,528647812.37812537
CALDAS,NORCASIA,11.687119857592714,1344.018783623162,4838467621.043384
BOLIVAR,NOROSI,5.038208126381621,151.14624379144863,544126477.649215
CHOCO,NOVITA,9.369449760616973,10718.650526145817,38587141894.12494
CASANARE,NUNCHIA,5.350776106804892,2188.4674276832006,7878482739.659523
CHOCO,NUQUI,4.300521868380396,3612.4383694395324,13004778129.982317
VALLE DEL CAUCA,OBANDO,3.440769716179014,1417.5971230657537,5103349643.036714
SANTANDER,OCAMONTE,5.545493492671312,255.09270066288036,918333722.3863692
NORTE DE SANTANDER,OCANA,7.9776667223560835,941.3646732380179,3388912823.6568646
ANTIOQUIA,OLAYA,7.203156993777405,547.4399315270828,1970783753.4974978
NARINO,OLAYA HERRERA,6.688632264327881,7457.824974725587,26848169909.01211
SANTANDER,ONZAGA,8.928309557317199,258.92097716219877,932115517.7839155
HUILA,OPORAPA,4.131332988605021,2726.679772479314,9816047180.925531
PUTUMAYO,ORITO,5.161934935859298,9807.676378132666,35307634961.277596
CASANARE,OROCUE,5.176657271021257,538.3723561862107,1938140482.2703586
TOLIMA,ORTEGA,7.167844876454813,8415.04988495795,30294179585.84862
BOYACA,OTANCHE,9.909340158545957,1575.5850852088072,5672106306.751706
SUCRE,OVEJAS,6.229270461303841,2404.498398063283,8656194233.027817
CUNDINAMARCA,PACHO,15.382626908817777,3922.569861748533,14121251502.29472
CALDAS,PACORA,11.99655231218618,26632.34613305332,95876446078.99194
CAUCA,PADILLA,11.139110103311701,222.78220206623402,802015927.4384425
BOYACA,PAEZ,5.266558387424636,131.6639596856159,473990254.8682173
CAUCA,PAEZ,5.161135563161518,2354.097153069232,8474749751.049233
HUILA,PAICOL,6.229753224431028,549.4642343948167,1978071243.82134
CESAR,PAILITAS,8.010018964243962,873.8930689990161,3146015048.396458
CUNDINAMARCA,PAIME,8.931727501573846,696.67474512276,2508029082.441936
HUILA,PALERMO,6.009638880680791,3478.078502194008,12521082607.898428
CALDAS,PALESTINA,12.911084620935167,7178.563049239953,25842826977.263832
HUILA,PALESTINA,3.6677430476591493,4445.304573762889,16003096465.546402
SANTANDER,PALMAS DEL SOCORRO,7.988642459672295,2372.626810522672,8541456517.8816185
VALLE DEL CAUCA,PALMIRA,9.886534048471828,1760.000791308955,6336002848.712238
SUCRE,PALMITO,12.490614427839384,1324.0051293509748,4766418465.663509
TOLIMA,PALOCABILDO,7.814971797107516,3766.8164062058227,13560539062.340961
NORTE DE SANTANDER,PAMPLONITA,5.121241488443719,358.4869041910603,1290552855.0878172
CUNDINAMARCA,PANDI,13.957178124919066,251.2292062485432,904425142.4947555
SANTANDER,PARAMO,11.702671769899277,10824.971387156831,38969896993.764595
CUNDINAMARCA,PARATEBUENO,9.968113320521823,219.2984930514801,789474574.9853283
CAUCA,PATIA,4.751824572790596,5040.735506816264,18146647824.53855
BOYACA,PAUNA,7.020241694272837,842.4290033127404,3032744411.925865
BOYACA,PAYA,3.47311187929781,135.4513632926146,487624907.8534125
CASANARE,PAZ DE ARIPORO,18.15480449648979,3630.9608992979574,13071459237.472647
CESAR,PELAYA,7.69629485104247,654.18506233861,2355066224.418996
CALDAS,PENSILVANIA,9.408530634129189,959.6701246811773,3454812448.852238
ANTIOQUIA,PEQUE,2.768664104367369,246.41110528869586,887079979.0393051
RISARALDA,PEREIRA,14.569881955185586,26504.0722646781,95414660152.84117
CAUCA,PIAMONTE,5.728328421417444,2216.863099088551,7980707156.718783
SANTANDER,PIEDECUESTA,11.68958968407094,841.6504572531077,3029941646.1111875
TOLIMA,PIEDRAS,4.556369775167784,72.90191640268455,262446899.04966438
CAUCA,PIENDAMO - TUNIA,8.907040902912378,213.76898166989707,769568334.0116295
QUINDIO,PIJAO,5.2686559157125465,12512.004068634156,45043214647.08296
SANTANDER,PINCHOTE,14.549927909283983,3928.4805355066756,14142529927.824032
BOLIVAR,PINILLOS,2.8065142173311646,443.429246338324,1596345286.8179662
ATLANTICO,PIOJO,19.137483560727276,287.06225341090914,1033424112.2792729
BOYACA,PISBA,2.8278487503231284,164.01522751874145,590454819.0674692
HUILA,PITAL,3.136339388339893,3061.0672430197355,11019842074.871048
HUILA,PITALITO,11.59287793210209,30367.543743141425,109323157475.30913
TOLIMA,PLANADAS,7.135333377175931,3639.0200223597244,13100472080.495007
CORDOBA,PLANETA RICA,6.083542349364241,5213.595793405155,18768944856.258556
ATLANTICO,PONEDERA,18.070817139825188,388.52256850624156,1398681246.6224694
CAUCA,POPAYAN,5.614486220032207,102.18364920458616,367861137.1365102
CASANARE,PORE,15.758675490076033,1449.798145086995,5219273322.313182
VALLE DEL CAUCA,PRADERA,7.882173900731157,118.23260851096735,425637390.6394825
TOLIMA,PRADO,3.968651747984891,436.551692278338,1571586092.2020168
"ARCHIPIELAGO DE SAN ANDRES, PROVIDENCIA Y SANTA CATALINA",PROVIDENCIA,6.0600659590460015,16.968184685328804,61085464.8671837
CESAR,PUEBLO BELLO,7.884643690329909,13608.895009509424,48992022034.233925
CORDOBA,PUEBLO NUEVO,4.959616654504727,652.1895900673717,2347882524.242538
RISARALDA,PUEBLO RICO,8.205497569494897,1053.5858879231448,3792909196.523321
ANTIOQUIA,PUEBLORRICO,8.07311926168859,2462.3013748150197,8864284949.33407
MAGDALENA,PUEBLOVIEJO,6.45710716255296,135.59925041361217,488157301.48900384
SANTANDER,PUENTE NACIONAL,7.933703934625282,1713.6800498790608,6169248179.564618
PUTUMAYO,PUERTO ASIS,6.804999434349664,2592.7047844872222,9333737224.154
ANTIOQUIA,PUERTO BERRIO,5.99112481083755,143.7869954601012,517633183.6563643
BOYACA,PUERTO BOYACA,6.348552465853585,2707.657626686554,9747567456.071594
PUTUMAYO,PUERTO CAICEDO,5.167704237298425,1436.621777968962,5171838400.688264
VICHADA,PUERTO CARRENO,4.263560663189707,216.37570365687762,778952533.1647594
META,PUERTO CONCORDIA,8.111578041070134,21138.77237502877,76099580550.10358
CORDOBA,PUERTO ESCONDIDO,12.073684393559988,23809.305624100296,85713500246.76106
META,PUERTO GAITAN,10.030777497385559,2387.325044377763,8594370159.759947
PUTUMAYO,PUERTO GUZMAN,7.1867268110863325,16486.351304632048,59350864696.67538
PUTUMAYO,PUERTO LEGUIZAMO,9.571644476695464,20933.18647053298,75359471293.91873
CORDOBA,PUERTO LIBERTADOR,7.977255438816385,1994.3138597040963,7179529894.934747
META,PUERTO LLERAS,16.778846858800968,13423.077487040775,48323078953.34679
META,PUERTO LOPEZ,12.928992855201273,6671.360313283856,24016897127.82188
ANTIOQUIA,PUERTO NARE,6.0211281302178135,180.6338439065344,650281838.0635239
AMAZONAS,PUERTO NARINO,4.238237083199111,3115.104256151347,11214375322.14485
SANTANDER,PUERTO PARRA,11.851995198400735,402.967836745625,1450684212.28425
CAQUETA,PUERTO RICO,5.669034864317311,6802.841837180773,24490230613.850784
META,PUERTO RICO,14.962455274408962,10174.469586598094,36628090511.753136
ARAUCA,PUERTO RONDON,22.556737241023498,7894.858034358224,28421488923.689606
CUNDINAMARCA,PUERTO SALGAR,6.096091602715447,2438.4366410861785,8778371907.910242
NORTE DE SANTANDER,PUERTO SANTANDER,9.978425278063398,289.37433306383855,1041747599.0298188
CAUCA,PUERTO TEJADA,12.042193515054034,740.5949011758231,2666141644.232963
ANTIOQUIA,PUERTO TRIUNFO,9.060971240772144,1244.0713513580154,4478656864.888855
SANTANDER,PUERTO WILCHES,8.025063768648831,10785.685705064028,38828468538.2305
CUNDINAMARCA,PULI,4.227635268409905,63.41452902614858,228292304.49413487
TOLIMA,PURIFICACION,12.436160838454738,13878.755495715488,49963519784.57576
CORDOBA,PURISIMA DE LA CONCEPCION,3.3282960754276636,296.2183507130621,1066386062.5670235
CUNDINAMARCA,QUEBRADANEGRA,5.355622280748287,246.3586249144212,886891049.6919163
CUNDINAMARCA,QUETAME,6.056470029903477,399.72702197362946,1439017279.105066
CHOCO,QUIBDO,7.130305099893054,22118.206419868253,79625543111.52571
QUINDIO,QUIMBAYA,11.339940455433826,56665.90925461194,203997273316.603
RISARALDA,QUINCHIA,9.950666653190956,5877.460765373769,21158858755.34557
BOYACA,QUIPAMA,9.919884475321162,1686.3803608045976,6070969298.896551
CUNDINAMARCA,QUIPILE,7.10501077902067,4135.11627339003,14886418584.204107
CASANARE,RECETOR,3.349660881626708,33.496608816267084,120587791.7385615
BOLIVAR,REGIDOR,12.673948675650577,1394.1343543215635,5018883675.557629
ANTIOQUIA,REMEDIOS,10.027334294571974,2316.314222046126,8338731199.366054
ATLANTICO,REPELON,17.971420659713946,3863.8554418384983,13909879590.618593
META,RESTREPO,16.228976137827715,324.5795227565543,1168486281.9235957
ANTIOQUIA,RETIRO,2.93753487973995,192.40853462296673,692670724.6426803
CUNDINAMARCA,RICAURTE,7.840876160061168,191.31737830549247,688742561.8997729
NARINO,RICAURTE,9.686230469549237,1724.1490235797642,6206936484.887151
CESAR,RIO DE ORO,4.213788898670681,322.3548507483071,1160477462.6939056
CHOCO,RIO IRO,2.987311748168695,115.01150230449475,414041408.29618114
CHOCO,RIO QUITO,3.3241120589540243,299.1700853058622,1077012307.101104
VALLE DEL CAUCA,RIOFRIO,8.208154883897949,33021.40709792145,118877065552.51723
LA GUAJIRA,RIOHACHA,5.157599831392787,319.7711895463528,1151176282.36687
CALDAS,RIOSUCIO,10.115730068126382,6180.711071625219,22250559857.850792
CHOCO,RIOSUCIO,7.501632978871003,22504.898936613008,81017636171.80682
CALDAS,RISARALDA,13.713029225820154,24066.36629131437,86638918648.73174
HUILA,RIVERA,5.302721648131508,2399.481545779507,8638133564.806225
NARINO,ROBERTO PAYAN,6.686991974568798,5148.983820417974,18536341753.504707
VALLE DEL CAUCA,ROLDANILLO,16.978267349895805,2122.283418736976,7640220307.453113
TOLIMA,RONCESVALLES,4.2940836073521105,12.882250822056331,46376102.95940279
BOYACA,RONDON,2.5453101372131797,76.35930411639539,274893494.81902343
CAUCA,ROSAS,7.682918029025737,38.414590145128685,138292524.52246326
TOLIMA,ROVIRA,6.4158358553134,16430.955625457616,59151440251.64742
SANTANDER,SABANA DE TORRES,12.607721472046974,2401.7709404249485,8646375385.529814
ATLANTICO,SABANAGRANDE,8.462370430519691,42.311852152598455,152322667.74935445
CASANARE,SABANALARGA,8.44968535196586,411.9221609083357,1482919779.2700083
ANTIOQUIA,SABANALARGA,4.2747222538630885,192.36250142383898,692505005.1258203
ANTIOQUIA,SABANETA,3.0535647383879274,24.42851790710342,87942664.46557231
CASANARE,SACAMA,7.904857097721333,23.714571293164,85372456.6553904
HUILA,SALADOBLANCO,5.091120773648386,1781.8922707769352,6414812174.796967
CALDAS,SALAMINA,7.127843402630356,14498.033480950144,52192920531.42052
NORTE DE SANTANDER,SALAZAR,6.040981161960728,227.1408916897234,817707210.0830042
TOLIMA,SALDANA,6.338755814626317,1236.0573838521318,4449806581.867675
QUINDIO,SALENTO,9.605205138317789,4610.498466392539,16597794479.01314
ANTIOQUIA,SALGAR,11.601749330300482,2668.4023459691107,9606248445.4888
CALDAS,SAMANA,7.013405877886957,2390.168723183875,8604607403.46195
NARINO,SAMANIEGO,7.853197010963786,4482.604853858129,16137377473.889265
SUCRE,SAMPUES,4.1345871840028,35.1439910640238,126518367.83048569
HUILA,SAN AGUSTIN,4.544178589397294,2840.111618373309,10224401826.143911
CESAR,SAN ALBERTO,10.929343248596014,1082.0049816110054,3895217933.799619
SANTANDER,SAN ANDRES,9.663515154000235,86.97163638600212,313097890.98960763
"ARCHIPIELAGO DE SAN ANDRES, PROVIDENCIA Y SANTA CATALINA",SAN ANDRES,14.27082503589471,85.62495021536826,308249820.7753258
ANTIOQUIA,SAN ANDRES DE CUERQUIA,6.377434826943517,1792.0591863711284,6451413070.936063
NARINO,SAN ANDRES DE TUMACO,8.305838700362411,65443.36428789551,235596111436.42383
CORDOBA,SAN ANTERO,5.364502521520935,987.068463959852,3553446470.255467
TOLIMA,SAN ANTONIO,6.074265732752349,151.85664331880872,546683915.9477115
CUNDINAMARCA,SAN ANTONIO DEL TEQUENDAMA,6.900043982909644,48.300307880367505,173881108.36932302
SANTANDER,SAN BENITO,6.027863173341143,60.27863173341143,217003074.24028116
SUCRE,SAN BENITO ABAD,3.4256616018485087,472.7413010550942,1701868683.7983391
NARINO,SAN BERNARDO,8.05845906162049,241.7537718486147,870313578.6550128
CUNDINAMARCA,SAN BERNARDO,13.946530666656269,470.6954099996491,1694503475.9987366
CORDOBA,SAN BERNARDO DEL VIENTO,6.810806845841084,7491.887530425192,26970795109.53069
NORTE DE SANTANDER,SAN CALIXTO,7.179665428800638,1076.9498143200956,3877019331.552344
ANTIOQUIA,SAN CARLOS,3.412420632815972,72.3433174156986,260435942.69651496
CORDOBA,SAN CARLOS,5.197682540437121,1247.4438097049092,4490797714.937673
META,SAN CARLOS DE GUAROA,19.59629154498723,1410.9329912390806,5079358768.4606905
NORTE DE SANTANDER,SAN CAYETANO,6.965503628586902,306.4821596578237,1103335774.7681653
CUNDINAMARCA,SAN CAYETANO,5.395242053573025,193.14966551791426,695338795.8644913
CESAR,SAN DIEGO,11.128464100141608,5452.9474090693875,19630610672.64979
BOLIVAR,SAN ESTANISLAO,9.913021571487167,1605.909494580921,5781274180.491316
BOLIVAR,SAN FERNANDO,3.448913931416362,93.12067614824177,335234434.13367033
ANTIOQUIA,SAN FRANCISCO,5.17086750855761,460.2072082616273,1656745949.7418582
CUNDINAMARCA,SAN FRANCISCO,9.58639845438285,1366.061779749556,4917822407.098402
SANTANDER,SAN GIL,7.083215195496445,963.3172665875165,3467942159.7150598
BOLIVAR,SAN JACINTO,4.190337753074447,2514.2026518446683,9051129546.640806
BOLIVAR,SAN JACINTO DEL CAUCA,7.09963620332401,127.79345165983219,460056425.9753959
ANTIOQUIA,SAN JERONIMO,14.224470356384524,2887.567482346058,10395242936.44581
CALDAS,SAN JOSE,14.091941674086275,13126.643669411365,47255917209.88092
NORTE DE SANTANDER,SAN JOSE DE CUCUTA,6.987216643594753,1013.1464133212392,3647327087.956461
BOYACA,SAN JOSE DE PARE,8.291278953930085,248.73836861790255,895458127.0244492
SUCRE,SAN JOSE DE TOLUVIEJO,3.995207039324943,167.79869565164762,604075304.3459314
CORDOBA,SAN JOSE DE URE,9.940866606861466,1630.3021235252804,5869087644.6910095
CAQUETA,SAN JOSE DEL FRAGUA,9.618500586615404,9281.853066083866,33414671037.90192
GUAVIARE,SAN JOSE DEL GUAVIARE,10.191904484760986,28914.433023266916,104091958883.7609
CHOCO,SAN JOSE DEL PALMAR,13.880326535349482,2408.236653883135,8669651953.979288
META,SAN JUAN DE ARAMA,17.508221376065,6127.87748162275,22060358933.8419
CUNDINAMARCA,SAN JUAN DE RIOSECO,5.863564784739063,351.8138870843438,1266529993.5036376
ANTIOQUIA,SAN JUAN DE URABA,6.23797641417595,46847.202870461384,168649930333.66098
LA GUAJIRA,SAN JUAN DEL CESAR,5.1133705140396515,1155.6217361729612,4160238250.22266
BOLIVAR,SAN JUAN NEPOMUCENO,9.848289013229474,3870.377582199183,13933359295.917059
TOLIMA,SAN LUIS,3.58336395716948,430.0036748603376,1548013229.4972153
ANTIOQUIA,SAN LUIS,5.130741039105108,66.6996335083664,240118680.63011906
BOYACA,SAN LUIS DE GACENO,6.846157410713767,540.8464354463875,1947047167.606995
CASANARE,SAN LUIS DE PALENQUE,13.92025375325365,1670.430450390438,6013549621.405577
SUCRE,SAN LUIS DE SINCE,4.325169218155635,10.812923045389088,38926522.96340072
SUCRE,SAN MARCOS,7.078570061439484,771.5641366969037,2777630892.1088533
META,SAN MARTIN,11.952304584442137,5414.393976752288,19491818316.30824
CESAR,SAN MARTIN,11.90021042918788,357.00631287563635,1285222726.3522909
BOLIVAR,SAN MARTIN DE LOBA,4.858899797740969,160.343693325452,577237295.9716272
BOYACA,SAN MATEO,9.893696068194009,250.40944748599034,901474010.9495652
PUTUMAYO,SAN MIGUEL,5.1915329729664155,2595.7664864832077,9344759351.339546
SANTANDER,SAN MIGUEL,9.305042396275105,186.1008479255021,669963052.5318075
SUCRE,SAN ONOFRE,9.418781285415195,2053.2943202205124,7391859552.793844
NARINO,SAN PABLO,6.030489842094716,3618.896954241039,13028029035.26774
BOLIVAR,SAN PABLO,5.370105290574363,4881.425709132096,17573132552.875546
BOYACA,SAN PABLO DE BORBUR,5.144574727050245,463.0117254345221,1666842211.5642793
VALLE DEL CAUCA,SAN PEDRO,5.197243763556205,301.4401382862599,1085184497.8305357
SUCRE,SAN PEDRO,2.764944727695197,35.94428146003756,129399413.25613521
ANTIOQUIA,SAN PEDRO DE URABA,7.974209033731796,4800.473838306541,17281705817.90355
CORDOBA,SAN PELAYO,7.947564510817141,1947.1533051501997,7009751898.540718
ANTIOQUIA,SAN RAFAEL,5.156131417281204,363.50726491832484,1308626153.7059693
ANTIOQUIA,SAN ROQUE,4.218006603370736,400.71062732021994,1442558258.3527918
TOLIMA,SAN SEBASTIAN DE MARIQUITA,9.817723539078264,1885.0029195030265,6786010510.210896
CAQUETA,SAN VICENTE DEL CAGUAN,6.176104198400624,23395.082703541564,84222297732.74962
MAGDALENA,SAN ZENON,9.926689731095365,178.68041515971657,643249494.5749797
NARINO,SANDONA,11.5509576152605,25215.740474113674,90776665706.80922
ANTIOQUIA,SANTA BARBARA,7.138718242618193,1998.841107933094,7195827988.559138
NARINO,SANTA BARBARA,11.453782564729988,1042.294213390429,3752259168.2055445
BOLIVAR,SANTA CATALINA,8.387737868483155,209.69344671207887,754896408.163484
BOLIVAR,SANTA CRUZ DE MOMPOX,5.108835626803691,306.5301376082214,1103508495.389597
ANTIOQUIA,SANTA FE DE ANTIOQUIA,4.226801273492828,109.89683311081353,395628599.1989287
SANTANDER,SANTA HELENA DEL OPON,6.243141394687824,418.2904734440842,1505845704.3987033
TOLIMA,SANTA ISABEL,9.923739851847188,7586.699116737175,27312116820.25383
ATLANTICO,SANTA LUCIA,18.60432659576793,316.2735521280548,1138584787.6609974
BOYACA,SANTA MARIA,11.26199014227199,416.69363526406363,1500097086.950629
HUILA,SANTA MARIA,6.0485081008850194,8241.092287455838,29667932234.84102
MAGDALENA,SANTA MARTA,7.042392234864618,4507.131030313356,16225671709.128082
BOLIVAR,SANTA ROSA,14.471085994129158,1461.579685407045,5261686867.465362
CAUCA,SANTA ROSA,8.68704043127207,2910.1585444761436,10476570760.114117
RISARALDA,SANTA ROSA DE CABAL,8.062129312224448,14431.211468881762,51952361287.97434
ANTIOQUIA,SANTA ROSA DE OSOS,6.545392610508445,248.65946527321586,895174074.9835771
BOLIVAR,SANTA ROSA DEL SUR,12.031997938148296,18047.996907222445,64972788866.0008
VICHADA,SANTA ROSALIA,5.634573791075768,552.1882315254253,1987877633.491531
BOYACA,SANTANA,7.087700256988217,361.47271310639906,1301301767.1830366
CAUCA,SANTANDER DE QUILICHAO,8.179878875168685,2077.689234292846,7479681243.454245
NORTE DE SANTANDER,SANTIAGO,6.072330332754332,710.4626489322568,2557665536.1561246
VALLE DEL CAUCA,SANTIAGO DE CALI,4.339444162697609,134.52276904362586,484281968.5570531
SUCRE,SANTIAGO DE TOLU,4.329723261798081,220.81588635170215,794937190.8661277
ANTIOQUIA,SANTO DOMINGO,4.6849864892068265,557.5133922156124,2007048211.9762046
ATLANTICO,SANTO TOMAS,5.965641819925752,29.828209099628758,107381552.75866354
RISARALDA,SANTUARIO,10.088515206119682,2891.3684580739014,10408926449.066044
ARAUCA,SARAVENA,21.381303665631805,85525.21466252721,307890772785.09796
NORTE DE SANTANDER,SARDINATA,5.2190866191693495,7880.820794945717,28370954861.80458
CUNDINAMARCA,SASAIMA,14.151531468113179,11632.558866789033,41877211920.44051
BOYACA,SATIVANORTE,4.201407026438304,6.3021105396574555,22687597.942766838
ANTIOQUIA,SEGOVIA,5.167288585397893,800.9297307366734,2883347030.6520243
VALLE DEL CAUCA,SEVILLA,16.51211556327185,71414.89981115074,257093639320.14267
CUNDINAMARCA,SILVANIA,7.889693401031215,236.69080203093645,852086887.3113713
SANTANDER,SIMACOTA,8.988759757316748,898.8759757316748,3235953512.634029
BOLIVAR,SIMITI,5.881268617770296,958.6467846965583,3451128424.90761
SUCRE,SINCELEJO,2.743353258567308,54.867065171346155,197521434.61684614
CHOCO,SIPI,7.039552193693641,781.3902934999942,2813005056.5999794
BOYACA,SOATA,7.22735606262529,126.47873109594258,455323431.94539326
SANTANDER,SOCORRO,11.795090723856784,24769.690520099248,89170885872.3573
CAQUETA,SOLANO,4.704031985481446,5155.619056087665,18560228601.915596
ATLANTICO,SOLEDAD,8.613690713533032,124.89851534622896,449634655.24642426
CAQUETA,SOLITA,5.848920603328431,3515.2012826003875,12654724617.361395
BOYACA,SOMONDOCO,5.955425043994711,23.821700175978844,85758120.63352384
ANTIOQUIA,SONSON,9.792968076168847,13132.370190142425,47276532684.512726
ANTIOQUIA,SOPETRAN,5.350118262680219,957.6711690197592,3447616208.4711328
BOLIVAR,SOPLAVIENTO,2.9768807951977405,29.768807951977404,107167708.62711866
CAUCA,SOTARA PAISPAMBA,7.832295330579223,46.99377198347534,169177579.1405112
SANTANDER,SUAITA,8.931321157793901,3956.575272902698,14243670982.449713
ATLANTICO,SUAN,5.6810515575755405,245.42142728726336,883517138.234148
CAUCA,SUAREZ,17.88818666980891,822.8565868112098,2962283712.520355
TOLIMA,SUAREZ,13.215836199126887,185.02170678777642,666078144.4359951
HUILA,SUAZA,3.8468952168784574,1673.399419342129,6024237909.631665
CAUCA,SUCRE,2.8489650200009287,877.481226160286,3158932414.17703
SANTANDER,SUCRE,6.297770182658613,440.8439127861029,1587038086.0299706
SUCRE,SUCRE,6.69834527819879,187.55366778956613,675193204.042438
CUNDINAMARCA,SUPATA,5.8745911834380005,1157.2944631372861,4166260067.29423
CALDAS,SUPIA,15.775755459392059,18205.221800138435,65538798480.49837
BOYACA,SUTATENZA,2.6436458126080735,23.792812313472663,85654124.32850158
CHOCO,TADO,6.9841262358443,1131.4284502067767,4073142420.744396
BOLIVAR,TALAIGUA NUEVO,2.7106493497382855,189.74545448167999,683083636.134048
CESAR,TAMALAMEQUE,6.0929324341598905,751.8678623753306,2706724304.5511904
CASANARE,TAMARA,7.008987432823373,364.4673465068154,1312082447.4245355
ARAUCA,TAME,24.490405474150066,516821.02672098886,1860555696195.56
ANTIOQUIA,TAMESIS,4.751829884755037,3953.522464116191,14232680870.818287
NARINO,TAMINANGO,9.800923186279915,5493.417445909892,19776302805.27561
VAUPES,TARAIRA,7.4512164960926075,602.4308537090873,2168751073.352714
ANTIOQUIA,TARAZA,7.997502588115587,6326.024547199429,22773688369.91795
HUILA,TARQUI,4.221942095124618,1756.327911571841,6322780481.6586275
ANTIOQUIA,TARSO,5.894735747676782,486.31569918333446,1750736517.060004
CASANARE,TAURAMENA,18.465355941382928,2345.100204555632,8442360736.400274
HUILA,TELLO,5.131564811963403,10268.26118873877,36965740279.45957
MAGDALENA,TENERIFE,7.012620201287694,21.03786060386308,75736298.1739071
NORTE DE SANTANDER,TEORAMA,9.767385578692245,6895.774218556725,24824787186.80421
HUILA,TERUEL,9.832019003250334,3641.7798388039237,13110407419.694126
HUILA,TESALIA,5.139201397060237,368.480740169219,1326530664.6091886
CUNDINAMARCA,TIBACUY,3.6085580086597444,158.77655238102875,571595588.5717036
NORTE DE SANTANDER,TIBU,6.143963270115501,6291.418388598273,22649106198.95378
CORDOBA,TIERRALTA,12.129893543561863,52158.54223731601,187770752054.33765
HUILA,TIMANA,5.12386060955162,2561.9303047758103,9222949097.192917
CAUCA,TIMBIO,7.926257567376666,610.3218326880033,2197158597.6768117
CAUCA,TIMBIQUI,3.0387318528703955,404.1513364317626,1454944811.1543455
BOLIVAR,TIQUISIO,3.4063533367234027,579.0800672429784,2084688242.0747225
ANTIOQUIA,TITIRIBI,16.330888314492455,1004.349631341286,3615658672.8286295
CUNDINAMARCA,TOCAIMA,6.147671350720859,504.10905075911046,1814792582.7327976
BOYACA,TOGUI,2.654821929605732,1221.2180876186367,4396385115.427092
ANTIOQUIA,TOLEDO,16.79322249892317,184.72544748815488,665011610.9573575
NORTE DE SANTANDER,TOLEDO,6.103117703684571,1684.4604862169417,6064057750.38099
SANTANDER,TONA,5.799432079128971,92.79091326606354,334047287.7578288
CUNDINAMARCA,TOPAIPI,8.020246886340306,713.8019728842872,2569687102.383434
VALLE DEL CAUCA,TORO,9.944116005873976,1402.1203568282306,5047633284.581631
CASANARE,TRINIDAD,14.627720207661323,3656.9300519153308,13164948186.89519
VALLE DEL CAUCA,TRUJILLO,11.19456423949107,39388.07427664933,141797067395.9376
ATLANTICO,TUBARA,5.266279506543084,44.763375805616214,161148152.90021837
VALLE DEL CAUCA,TULUA,8.88963590575133,4169.239239797374,15009261263.270544
BOYACA,TUNUNGUA,5.234286912871557,444.91438759408237,1601691795.3386965
BOLIVAR,TURBACO,7.5149648935622,41.3323069145921,148796304.89253157
ANTIOQUIA,TURBO,15.252432331990692,156398.44113223255,563034388076.0371
CUNDINAMARCA,UBALA,6.19795154739033,241.72011034822287,870192397.2536024
VALLE DEL CAUCA,ULLOA,11.930643685753276,2530.48952574827,9109762292.693771
CHOCO,UNGUIA,5.057656159354071,4121.989769873568,14839163171.544844
CHOCO,UNION PANAMERICANA,3.2757291859093964,84.84138591505337,305428989.29419214
ANTIOQUIA,URAMITA,4.900376833709463,2312.9778655108666,8326720315.83912
META,URIBE,18.66474809344485,35071.06166758287,126255822003.29834
ANTIOQUIA,URRAO,4.205237745585915,3608.093985712715,12989138348.565775
LA GUAJIRA,URUMITA,6.1141209386661215,1883.1492491091653,6779337296.792995
ATLANTICO,USIACURI,4.336191780391488,34.6895342431319,124882323.27527484
CUNDINAMARCA,UTICA,3.44060208518554,37.84662293704094,136247842.5733474
ANTIOQUIA,VALDIVIA,6.118204960136337,1596.851494595584,5748665380.544103
CORDOBA,VALENCIA,10.306491715441727,6874.429974199632,24747947907.118675
SANTANDER,VALLE DE SAN JOSE,7.606059578005404,5887.090113376183,21193524408.154255
PUTUMAYO,VALLE DEL GUAMUEZ,5.943228465492254,2210.8809891631186,7959171560.9872265
CESAR,VALLEDUPAR,5.186857031652281,907.6999805391491,3267719929.9409366
CAQUETA,VALPARAISO,5.100008434717454,663.001096513269,2386803947.447768
ANTIOQUIA,VEGACHI,7.914158157063023,276.99553549720576,997183927.7899407
TOLIMA,VENADILLO,7.7748953625537744,2480.191620654654,8928689834.356752
ANTIOQUIA,VENECIA,3.3771475373122772,1198.8873757458584,4315994552.68509
CUNDINAMARCA,VERGARA,6.071084095360572,1111.0083894509846,3999630202.023545
VALLE DEL CAUCA,VERSALLES,9.976496437995912,4388.6607830744015,15799178819.067844
CUNDINAMARCA,VIANI,12.582990930083358,251.65981860166715,905975346.9660017
CALDAS,VICTORIA,10.14133444789964,1876.1468728614334,6754128742.301161
ANTIOQUIA,VIGIA DEL FUERTE,4.789511382542456,5661.202454165183,20380328834.99466
VALLE DEL CAUCA,VIJES,9.776048859675555,1583.71991526744,5701391694.962784
NORTE DE SANTANDER,VILLA CARO,6.068598995587832,500.96284708577554,1803466249.508792
NORTE DE SANTANDER,VILLA DEL ROSARIO,5.991821408819244,203.7219278998543,733398940.4394754
CAUCA,VILLA RICA,11.536176201525937,646.0258672854525,2325693122.2276287
PUTUMAYO,VILLAGARZON,5.0850758339809286,854.292740108796,3075453864.3916655
CUNDINAMARCA,VILLAGOMEZ,6.4223628199287,208.72679164768275,751416449.9316579
TOLIMA,VILLAHERMOSA,9.838784855568813,13882.525431207594,49977091552.34734
CALDAS,VILLAMARIA,8.984116591715058,359.3646636686023,1293712789.2069683
BOLIVAR,VILLANUEVA,6.900114441539285,703.8116730370072,2533722022.9332256
CASANARE,VILLANUEVA,16.119866261945113,1740.945556290072,6267404002.644259
LA GUAJIRA,VILLANUEVA,5.217948722091906,360.03846182434154,1296138462.5676296
TOLIMA,VILLARRICA,6.969326512701054,1345.0800169513034,4842288061.024692
META,VILLAVICENCIO,17.850913061135703,6372.775962825446,22941993466.171608
HUILA,VILLAVIEJA,6.987064906684337,2015.7682255784312,7256765612.082352
CUNDINAMARCA,VILLETA,6.790478508721393,176.55244122675623,635588788.4163225
CUNDINAMARCA,VIOTA,5.736915041680454,3915.44451594691,14095600257.408876
META,VISTAHERMOSA,18.977281573098352,14182.861156470784,51058300163.29482
CALDAS,VITERBO,13.871555803894406,1969.7609241530056,7091139326.95082
CUNDINAMARCA,YACOPI,8.557814029395173,8455.120261042432,30438432939.752754
HUILA,YAGUARA,6.87274601590528,343.637300795264,1237094282.8629506
ANTIOQUIA,YARUMAL,3.6873522972593316,339.2364113478585,1221251080.8522906
ANTIOQUIA,YOLOMBO,9.03215805582825,2754.808207027616,9917309545.299417
ANTIOQUIA,YONDO,7.2905325324403325,1618.4982222017538,5826593599.926313
CASANARE,YOPAL,14.759832179715735,9224.895112322334,33209622404.3604
VALLE DEL CAUCA,YOTOCO,13.77613804839147,10962.224090627029,39464006726.2573
VALLE DEL CAUCA,YUMBO,14.324970770030273,326.6093335566902,1175793600.8040848
SANTANDER,ZAPATOCA,7.926947471751747,360.6761099647045,1298433995.8729362
ANTIOQUIA,ZARAGOZA,14.383178836926977,5235.47709664142,18847717547.90911
VALLE DEL CAUCA,ZARZAL,6.985998744708914,38.98187299547574,140334742.78371266
BOYACA,ZETAQUIRA,8.11918898383835,246.01142621030203,885641134.3570874
MAGDALENA,ZONA BANANERA,8.99899293454119,3869.5669618527118,13930441062.669762
