departamento,municipio,rendimiento_original,produccion_esperada_t,ingreso_promedio_5y_cop
ANTIOQUIA,ABEJORRAL,1.1395127796471507,2873.144732346733,47809128346.24963
NORTE DE SANTANDER,ABREGO,1.1695569416448988,464.7702330402663,7733776677.790031
ANTIOQUIA,ABRIAQUI,1.4356753462685656,135.24061761849887,2250403877.1718216
META,ACACIAS,1.2251961390928705,85.88624935041021,1429147189.190826
HUILA,ACEVEDO,1.3257919081608596,14625.831398691726,243373834474.23032
HUILA,AGRADO,1.306490556653608,1396.32484732911,23234845459.556393
CUNDINAMARCA,AGUA DE DIOS,1.1354711788210785,1.1354711788210785,18894240.415582746
CESAR,AGUACHICA,1.2401054485556442,900.1305398341144,14978172182.839664
SANTANDER,AGUADA,1.2205122122558523,128.2392181417224,2133900589.8782606
CALDAS,AGUADAS,1.2998242678418093,3882.354117917951,64602372522.1547
CESAR,AGUSTIN CODAZZI,1.2006657667422824,5131.789566948524,85392978394.02345
HUILA,AIPE,1.2753272316930522,1291.0137566428766,21482468910.537468
CUNDINAMARCA,ALBAN,1.2138117877977472,340.61986389180385,5667914535.1596155
NARINO,ALBAN,1.2328606775362465,1894.4876887428486,31524275140.681004
SANTANDER,ALBANIA,1.1739724258848332,307.24032357831965,5112478984.343239
VALLE DEL CAUCA,ALCALA,1.2729031366221262,1073.324653831143,17860122239.750217
ANTIOQUIA,ALEJANDRIA,1.3127109668991546,572.6964135290941,9529668321.124125
HUILA,ALGECIRAS,1.251613734461024,6138.94007705912,102151962882.26376
CAUCA,ALMAGUER,1.1978112614802772,1229.21787275629,20454185402.664665
BOYACA,ALMEIDA,1.267247748937263,90.63355900399306,1508142421.8264446
TOLIMA,ALPUJARRA,1.225189961403716,1379.6986674363386,22958185826.140675
HUILA,ALTAMIRA,1.3870255211437466,104.41528123170124,1737470279.6955087
TOLIMA,ALVARADO,1.280297940647245,889.7046449145835,14804685291.37867
ANTIOQUIA,AMAGA,1.3818602018677484,527.1520298085087,8771809776.013584
ANTIOQUIA,AMALFI,1.1989180470976446,1596.9468495535916,26573195576.571766
CUNDINAMARCA,ANAPOIMA,1.32982718965039,59.203906483235365,985153003.8810364
NARINO,ANCUYA,1.2459299535759225,410.0355477218361,6822991514.091352
VALLE DEL CAUCA,ANDALUCIA,1.1066851616137834,180.8323554076922,3009050393.9839983
ANTIOQUIA,ANDES,1.1916254253609893,9645.29026671968,160497630038.21545
ANTIOQUIA,ANGELOPOLIS,1.2660645216211992,221.16881128200728,3680249019.732601
ANTIOQUIA,ANGOSTURA,1.1474742754967298,773.4779848840807,12870673668.471102
CUNDINAMARCA,ANOLAIMA,1.222632962289447,652.3724960184031,10855478333.74623
ANTIOQUIA,ANORI,1.2747954521888178,311.59825237851277,5184994919.578453
CALDAS,ANSERMA,1.2485017104036902,4916.5747655355235,81811804098.51111
VALLE DEL CAUCA,ANSERMANUEVO,1.2494473026724584,3837.352533859761,63853546163.42642
ANTIOQUIA,ANZA,1.2640101158909636,2071.5735388325415,34470983686.17349
TOLIMA,ANZOATEGUI,1.2463293684200711,4102.156019924138,68259876171.53765
RISARALDA,APIA,1.3173865667382563,4250.060324551291,70721003800.5335
CUNDINAMARCA,APULO,1.1399308168287277,21.510494513558093,357934628.7056067
BOYACA,AQUITANIA,1.1553831578926088,49.103784210435876,817086969.2616531
MAGDALENA,ARACATACA,1.2264065502348005,1107.6168117790578,18430743748.00352
CALDAS,ARANZAZU,1.2949237605755477,1477.9353356576898,24592843985.34396
SANTANDER,ARATOCA,1.2584453415701984,1908.5204516651156,31757780315.707523
CUNDINAMARCA,ARBELAEZ,1.175259162914815,418.1572101650912,6958135977.147119
NARINO,ARBOLEDA,1.2794974255474085,1804.3472695069556,30024338564.59574
NORTE DE SANTANDER,ARBOLEDAS,1.1799644312742856,1749.875451935453,29117927520.205936
ANTIOQUIA,ARGELIA,1.343739894205072,1096.3170674850921,18242716002.951935
CAUCA,ARGELIA,1.3198864573257705,1475.9762297691161,24560244463.358093
VALLE DEL CAUCA,ARGELIA,1.2818550986896082,1711.3662866075351,28477135009.149384
ANTIOQUIA,ARMENIA,1.267212854380535,563.4028350575859,9375023175.358229
QUINDIO,ARMENIA,1.3280745536530123,1500.4586307171733,24967631615.133762
TOLIMA,ARMERO,1.2564217072250898,165.18176184888256,2748624517.1654058
TOLIMA,ATACO,1.2138508818595573,9384.60890739434,156159892219.0418
CAUCA,BALBOA,1.1971252602087803,3439.3169300746217,57230233716.4417
RISARALDA,BALBOA,1.253594197039772,1677.0332449158661,27905833195.40001
HUILA,BARAYA,1.2947093818313824,894.967860190943,14892265193.577291
ANTIOQUIA,BARBOSA,1.2400214667625051,870.5942713846197,14486688675.84007
SANTANDER,BARBOSA,1.1922349231565577,553.3043054877268,9206983643.315773
SANTANDER,BARICHARA,1.3496870686062985,568.285740236682,9456274717.53839
LA GUAJIRA,BARRANCAS,1.1065819567689748,417.0264762279558,6939320564.433185
CESAR,BECERRIL,1.1729343946198583,718.9501371822422,11963330282.71251
CALDAS,BELALCAZAR,1.312582520597865,2357.9363658272105,39236061127.364784
NARINO,BELEN,1.2180541758327694,153.47482615492893,2553821107.218017
CAQUETA,BELEN DE LOS ANDAQUIES,1.2777409776944242,31.943524442360605,531540246.7208805
RISARALDA,BELEN DE UMBRIA,1.2925479777918256,6315.066282496412,105082702940.7403
ANTIOQUIA,BELLO,1.2511658132953911,130.18380287338545,2166258479.8131337
CUNDINAMARCA,BELTRAN,1.1696338000972062,61.85023534914026,1029187916.209694
BOYACA,BERBEO,1.237503187967985,455.99517470244314,7587759707.048654
ANTIOQUIA,BETANIA,1.3786721105685862,6318.840310926789,105145502773.82178
ANTIOQUIA,BETULIA,1.19202295398804,5711.661425640473,95042046122.65746
SANTANDER,BETULIA,1.240962972221408,378.8411761597514,6303917171.298264
CUNDINAMARCA,BITUIMA,1.1385711226269148,440.8319672586889,7335443935.184583
NORTE DE SANTANDER,BOCHALEMA,1.1741590415314582,532.7394403236533,8864784286.985592
CAUCA,BOLIVAR,1.2477651502489642,2903.3872951598073,48312364591.45919
SANTANDER,BOLIVAR,1.1709424880691115,143.4053265138241,2386264633.190033
VALLE DEL CAUCA,BOLIVAR,1.2159476646964524,1283.7245875266326,21361177136.44317
ANTIOQUIA,BRICENO,1.2297203904781757,614.4666847141349,10224725633.643204
BOYACA,BRICENO,1.207266368630338,172.1803294940588,2865080682.7811384
SANTANDER,BUCARAMANGA,1.3067698428810601,653.8553585839672,10880153166.837215
NORTE DE SANTANDER,BUCARASICA,1.1224427984175889,1029.919838544027,17137866113.372608
BOYACA,BUENAVISTA,1.1666319632944833,369.35567957903345,6146078508.195116
QUINDIO,BUENAVISTA,1.35464797867408,719.9276682663399,11979596399.951895
CAUCA,BUENOS AIRES,1.2729959964449757,2104.096892644007,35012172293.596275
NARINO,BUESACO,1.2589944615933848,3451.20597789825,57428067472.226875
VALLE DEL CAUCA,BUGALAGRANDE,1.2783760393439128,1443.069224492589,24012671895.556683
ANTIOQUIA,BURITICA,1.237381092464308,937.7368871131513,15603941801.562838
CUNDINAMARCA,CABRERA,1.2681342076885829,20.264784638863556,337206016.3906896
SANTANDER,CABRERA,1.3315013751542546,12.995453421505525,216244344.93385193
CUNDINAMARCA,CACHIPAY,1.2904824220373374,643.7442514091053,10711904343.447514
NORTE DE SANTANDER,CACHIRA,1.1723142007532577,877.6647495359339,14604341432.27794
NORTE DE SANTANDER,CACOTA,1.4656020955756213,3.282948694089392,54628266.26964748
ANTIOQUIA,CAICEDO,1.3027430164020337,2150.437897174837,35783286608.98928
VALLE DEL CAUCA,CAICEDONIA,1.113689731959402,3142.1642097502568,52285612450.24427
TOLIMA,CAJAMARCA,1.140189834387096,1321.0923535109528,21982976762.422253
CAUCA,CAJIBIO,1.198210068220332,7342.906886369885,122185970589.19489
QUINDIO,CALARCA,1.3081295021412331,2715.3105701846002,45182767887.87175
ANTIOQUIA,CALDAS,1.2805008247262535,120.98171792013643,2013135786.1910703
CAUCA,CALDONO,1.249603076065669,5229.238984473526,87014536701.63948
VALLE DEL CAUCA,CALIMA,1.362890280570337,399.70846148566835,6651148799.121521
CAUCA,CALOTO,1.365042231773087,2225.319147081122,37029310607.42987
ANTIOQUIA,CAMPAMENTO,1.2543581362204403,225.79700810104146,3757262214.8013296
HUILA,CAMPOALEGRE,1.177296925942272,1807.6217000917648,30078825089.526966
BOYACA,CAMPOHERMOSO,1.2703048000737704,239.6430005339168,3987659528.8843756
ANTIOQUIA,CANASGORDAS,1.2838130144266018,1930.854773697609,32129423434.328213
CUNDINAMARCA,CAPARRAPI,1.2193135003724862,534.3275621332309,8891210633.896961
SANTANDER,CAPITANEJO,1.2280842212241492,13.975598437530818,232553958.0005128
CUNDINAMARCA,CAQUEZA,1.296380061229562,105.47348178163716,1755078736.8464422
ANTIOQUIA,CARACOLI,1.2023931590336705,12.745367485756907,212082914.96299493
ANTIOQUIA,CARAMANTA,1.243176836386908,741.9652312607983,12346301448.179684
ANTIOQUIA,CAROLINA,1.4138404142955594,8.638564931345869,143745720.45759526
VALLE DEL CAUCA,CARTAGO,1.1299496058106786,300.62309262593106,5002368261.295493
TOLIMA,CASABIANCA,1.0966117028276485,1860.971991932576,30966573945.758064
SANTANDER,CEPITA,1.2240006224248108,107.87117485429857,1794976349.5755281
NARINO,CHACHAGUI,1.1552329975731832,419.6037293785316,6982206056.858766
CUNDINAMARCA,CHAGUANI,1.2296826806734278,781.5002340483835,13004163894.565102
SUCRE,CHALAN,1.2909001837312915,5.163600734925166,85922316.22915477
CASANARE,CHAMEZA,1.3165257505499681,46.078401269248886,766744597.1203015
TOLIMA,CHAPARRAL,1.1882986016804546,6407.19911338686,106615793246.75734
SANTANDER,CHARALA,1.2876583487604598,1359.7028333736075,22625455147.33683
SANTANDER,CHARTA,1.2626895545085735,153.90922979905002,2561049583.8561926
SANTANDER,CHIMA,1.202827555029473,1005.756288413444,16735784639.199709
CESAR,CHIMICHAGUA,1.29037592145733,140.53484160591782,2338499764.3224726
NORTE DE SANTANDER,CHINACOTA,1.2675493529963042,524.1063064769119,8721128939.775814
BOYACA,CHINAVITA,1.2085234761449835,77.91350850706708,1296480781.5575962
CALDAS,CHINCHINA,1.2673604591084278,2980.603674940383,49597245151.00797
SANTANDER,CHIPATA,1.1504684793081912,119.69474058722422,1991720483.371411
CESAR,CHIRIGUANA,1.1543038064763007,83.53696647468989,1390055122.1388397
BOYACA,CHITA,1.1870424198202065,5.935212099101033,98761929.32904118
NORTE DE SANTANDER,CHITAGA,1.2427900281403044,203.66842981163308,3389042672.065574
BOYACA,CHITARAQUE,1.2819793371187775,455.0642052970525,7572268376.142955
BOYACA,CHIVOR,1.2203427855202746,4.027131192216906,67011463.03848933
CUNDINAMARCA,CHOACHI,1.1815843673023212,42.796985783690076,712141843.4406029
MAGDALENA,CIENAGA,1.1501085065373826,10150.650659167763,168906826968.55157
QUINDIO,CIRCASIA,1.2712505232433018,1373.2302402178796,22850551197.225513
ANTIOQUIA,CISNEROS,1.2291279907377899,108.31075854381405,1802291022.1690657
ANTIOQUIA,CIUDAD BOLIVAR,1.311931601323179,8641.234281855317,143790138450.07248
ANTIOQUIA,COCORNA,1.2743243376636098,410.0520853733963,6823266700.613316
HUILA,COLOMBIA,1.3157212450392337,2062.5114665110523,34320190802.74391
NARINO,COLON,1.3526329526861338,2161.9403009373013,35974686607.596695
ANTIOQUIA,CONCEPCION,1.207793859744081,110.16287794725761,1833110289.0423667
ANTIOQUIA,CONCORDIA,1.3554004298730196,6345.374882472035,105587038044.33467
SANTANDER,CONFINES,1.1784083477302834,2556.5451263173723,42540910901.921074
NARINO,CONSACA,1.2388128995667889,1735.886575517963,28885152616.6189
SANTANDER,CONTRATACION,1.2448293641568644,345.07914803792437,5742117023.351061
NORTE DE SANTANDER,CONVENCION,1.246566132918641,1250.978977029173,20816290177.765438
ANTIOQUIA,COPACABANA,1.2538196563032955,75.16648839538257,1250770366.899166
BOYACA,COPER,1.220967613166112,302.3482100483243,5031074215.204116
QUINDIO,CORDOBA,1.246971046218419,1348.6989441689175,22442350430.970787
CAUCA,CORINTO,1.387995206010144,2224.3733572477363,37013572664.60233
SANTANDER,COROMORO,1.2821929601213577,1715.2023446839414,28540967015.540787
TOLIMA,COYAIMA,1.1417044973052333,57.65607711391428,959397123.1755337
BOYACA,CUBARA,1.1992860744756542,1.1992860744756542,19956120.279274885
META,CUBARRAL,1.1582708150055165,318.98778245251924,5307956700.00992
NORTE DE SANTANDER,CUCUTILLA,1.247805418033013,1590.0410100369274,26458282407.014473
META,CUMARAL,1.2014080452351548,6.2833640765798595,104555178.23428886
NARINO,CUMBAL,1.176505024357397,43.530685901223684,724350613.3963621
NARINO,CUMBITARA,1.1920315854137085,72.40399849802866,1204802535.007197
TOLIMA,CUNDAY,1.222329529409178,1163.6088188163612,19362450745.104248
SANTANDER,CURITI,1.2786947582069836,2469.287447573506,41088943127.62314
CESAR,CURUMANI,1.1591730452640165,473.6496980253298,7881530975.141488
ANTIOQUIA,DABEIBA,1.3539080108377002,1744.1855340417756,29023247286.455147
VALLE DEL CAUCA,DAGUA,1.2658248301691568,991.6851466994225,16501640841.07839
LA GUAJIRA,DIBULLA,1.1102994703908249,112.06252554654596,1864720425.0945246
TOLIMA,DOLORES,1.2274398697193964,3143.3630367630994,52305560931.737976
ANTIOQUIA,DONMATIAS,1.2228293782756328,197.31574847855612,3283334054.683174
RISARALDA,DOSQUEBRADAS,1.312889130152863,963.1092080975372,16026137222.74302
NORTE DE SANTANDER,DURANIA,1.2166078035548193,708.5158865562202,11789704352.295504
ANTIOQUIA,EBEJICO,1.3116739522130785,1780.8597249196966,29633505822.66375
VALLE DEL CAUCA,EL AGUILA,1.2566652369787756,4919.63076968162,81862656007.50215
VALLE DEL CAUCA,EL CAIRO,1.1417801634968274,2634.3494466247853,43835574791.836426
NORTE DE SANTANDER,EL CARMEN,1.1466708887900547,936.6237153814926,15585418623.948038
CHOCO,EL CARMEN DE ATRATO,1.2448652401914664,179.45977302600178,2986210623.1526694
SANTANDER,EL CARMEN DE CHUCURI,1.3492581187725905,632.8560280290959,10530724306.404156
ANTIOQUIA,EL CARMEN DE VIBORAL,1.2495786229119576,129.90619363792712,2161639062.1351075
META,EL CASTILLO,1.1228984160122877,188.00688179293732,3128434513.0344768
VALLE DEL CAUCA,EL CERRITO,1.482648980889079,99.04095192339048,1648041440.0052178
CUNDINAMARCA,EL COLEGIO,1.3633381426436657,1124.5222001967747,18712049411.274334
CESAR,EL COPEY,1.199328827017073,907.1963113322543,15095746620.568712
CAQUETA,EL DONCELLO,1.173424093726397,181.76339211821892,3024542844.8471627
META,EL DORADO,1.225920096821134,164.83721621856967,2742891277.8769994
VALLE DEL CAUCA,EL DOVIO,1.3046985515278722,653.3408466630973,10871591688.47394
SANTANDER,EL GUACAMAYO,1.1128216481644515,41.64178607431378,692919320.2765812
LA GUAJIRA,EL MOLINO,1.2420615645128779,155.4191635674964,2586174881.76314
CAQUETA,EL PAUJIL,1.2416266559664737,222.54916181543075,3703218052.6087675
NARINO,EL PENOL,1.2870155908442662,623.9194181294833,10382019117.674603
CUNDINAMARCA,EL PENON,1.2621199438176305,489.22293262258995,8140669598.839897
SANTANDER,EL PENON,1.2559215212623718,4.031508083252214,67084294.50531684
SANTANDER,EL PLAYON,1.3209564687052735,1185.8490410860982,19732528043.672672
NARINO,EL ROSARIO,1.1837965012518048,650.6500709830294,10826817181.15761
NARINO,EL TABLON DE GOMEZ,1.2504083515419147,2037.7279700902814,33907793422.302284
CAUCA,EL TAMBO,1.3042714941876028,8824.153135645762,146833908177.14548
NARINO,EL TAMBO,1.268136932349328,779.1306498661036,12964734013.771965
NORTE DE SANTANDER,EL TARRA,1.2320500099477458,6.653070053717828,110707085.69386466
NORTE DE SANTANDER,EL ZULIA,1.3102993265184724,793.9758769038684,13211758591.68037
HUILA,ELIAS,1.2642931529483277,1171.9238951939228,19500813616.026875
SANTANDER,ENCINO,1.2588629820305064,463.0601593101014,7705321050.920088
SANTANDER,ENCISO,1.2195620149340647,101.04071293728725,1681317463.27646
ANTIOQUIA,ENVIGADO,1.1726402921157093,9.826725647929646,163516714.7815493
TOLIMA,FALAN,1.2433371932028325,1040.9094647774793,17320733493.897255
CALDAS,FILADELFIA,1.3043099923956483,1883.8018789171108,31346463265.18072
QUINDIO,FILANDIA,1.2141451603750348,1480.5650329161288,24636602147.724384
CAQUETA,FLORENCIA,1.2718770515093343,1142.0311233207462,19003397892.057217
CAUCA,FLORENCIA,1.2105628287099248,1091.1892281708392,18157388756.762764
SANTANDER,FLORIAN,1.1603524336184536,380.2358889724311,6327125192.501253
VALLE DEL CAUCA,FLORIDA,1.2297364629452086,1429.4825566213988,23786589742.180077
SANTANDER,FLORIDABLANCA,1.2484804417586726,567.0972710600419,9436498590.439096
CUNDINAMARCA,FOMEQUE,1.2853281330373565,164.5862674354335,2738715490.1256137
LA GUAJIRA,FONSECA,1.1922692519780331,255.34830569613533,4248995806.783692
CUNDINAMARCA,FOSCA,1.2527115675757425,40.36236670729042,671629782.0093125
ANTIOQUIA,FREDONIA,1.3384412586477634,1927.6364851170954,32075871112.34847
TOLIMA,FRESNO,1.201476281817509,5517.082968003457,91804260587.57751
ANTIOQUIA,FRONTINO,1.3304841924361854,537.0898588026394,8937175250.47592
MAGDALENA,FUNDACION,1.1941232321305486,1851.5597188123434,30809953721.037395
NARINO,FUNES,1.2434698924659342,256.21697134260575,4263450403.1409593
CUNDINAMARCA,FUSAGASUGA,1.1799317094261599,619.8889228641274,10314951676.45908
CUNDINAMARCA,GACHALA,1.2661871556731872,81.08662544931092,1349281447.4765337
CUNDINAMARCA,GACHETA,1.3181444769848714,278.6293795450621,4636392875.629833
SANTANDER,GALAN,1.2395854628441965,886.7746484094813,14755930149.53377
CUNDINAMARCA,GAMA,1.2245999812370503,67.45096696653673,1122384090.3231711
SANTANDER,GAMBITA,1.187764753832198,131.16486176568964,2182583299.7810755
BOYACA,GARAGOA,1.2590123662253714,166.36589407302057,2768328477.375062
QUINDIO,GENOVA,1.248269438648733,2884.8130861891545,48003289754.18753
HUILA,GIGANTE,1.3858957086575943,5447.055198522376,90638998503.41234
VALLE DEL CAUCA,GINEBRA,1.271779615245207,883.6451944685222,14703856035.95621
ANTIOQUIA,GIRALDO,1.201519241436132,774.5113182221451,12887868335.216494
ANTIOQUIA,GIRARDOTA,1.3938643145690195,204.78654509648032,3407648110.4054327
SANTANDER,GIRON,1.1440134254537895,74.30367198322362,1236413101.800841
ANTIOQUIA,GOMEZ PLATA,1.2212714282570614,588.3475105628393,9790102575.765646
CESAR,GONZALEZ,1.2198125335378975,130.47114858721352,2171039912.491233
NORTE DE SANTANDER,GRAMALOTE,1.178848450204382,1122.5348597381185,18678980066.042294
ANTIOQUIA,GRANADA,1.2574109875754167,241.27202029597095,4014766417.724957
SANTANDER,GUACA,1.2326315786444493,138.00543154503254,2296410380.9093413
BOYACA,GUACAMAYAS,1.1030826792696924,68.39112611472093,1138028338.5489564
VALLE DEL CAUCA,GUACARI,1.2555381839014108,619.0933230999466,10301712896.38311
VALLE DEL CAUCA,GUADALAJARA DE BUGA,1.342205505017288,560.075513133614,9319656538.543337
ANTIOQUIA,GUADALUPE,1.3641541100189194,489.1856638527845,8140049446.510335
HUILA,GUADALUPE,1.2381420244137302,4653.99014846755,77442396070.50003
SANTANDER,GUADALUPE,1.2082677601119869,1330.0128196208707,22131413318.491287
CUNDINAMARCA,GUADUAS,1.275933067196999,1007.3746752133746,16762714595.550554
NARINO,GUAITARILLA,1.2023533195675498,141.15627971723035,2348840494.494713
SANTANDER,GUAPOTA,1.2536620754919219,376.01086630229213,6256820815.270141
ANTIOQUIA,GUATAPE,1.1839105206422775,8.689903221514317,144599989.60599825
BOYACA,GUATEQUE,1.2717646550185453,71.62578537064446,1191853068.567524
RISARALDA,GUATICA,1.283466384095793,2447.121181236244,40720096455.771095
SANTANDER,GUAVATA,1.1318247598805264,395.6067083210404,6582895626.462112
CUNDINAMARCA,GUAYABAL DE SIQUIMA,1.1825798519689634,648.9998227605671,10799357050.735836
CUNDINAMARCA,GUAYABETAL,1.251843564610084,333.8291233745711,5554916612.952863
BOYACA,GUAYATA,1.2061181018355187,186.75532688821173,3107608639.419843
SANTANDER,GUEPSA,1.268203896746302,153.0975744152136,2547543638.269154
CUNDINAMARCA,GUTIERREZ,1.214349785575491,54.12356994309963,900616203.8531778
NORTE DE SANTANDER,HACARI,1.2207501541077224,837.3125307024867,13932880510.88938
SANTANDER,HATO,1.214114387086738,667.0951499848082,11100463295.74721
LA GUAJIRA,HATONUEVO,1.1664054269128277,50.51701903959457,840603196.8188537
ANTIOQUIA,HELICONIA,1.3129578279017853,851.4268922377497,14167743486.836155
NORTE DE SANTANDER,HERRAN,1.197768824529553,186.4566729145155,3102639037.297538
TOLIMA,HERVEO,1.1936488191733916,1202.0401703721805,20001948434.993084
ANTIOQUIA,HISPANIA,1.405564955728877,1060.9204285841563,17653715931.64036
HUILA,HOBO,1.3197604163570091,894.4016341651452,14882843192.508017
TOLIMA,IBAGUE,1.1919681268197886,8938.020677683258,148728664076.6494
TOLIMA,ICONONZO,1.3013314919930785,1717.8096226905434,28584352121.570644
NARINO,ILES,1.3192381487411755,7.862659366497406,130834651.85851683
NARINO,IMUES,1.1631094643752011,10.421460800801803,173413107.725342
CAUCA,INZA,1.3164374965278196,6098.199237040646,101474035304.35635
HUILA,IQUIRA,1.2649262808246908,2758.728322901801,45905239293.08597
HUILA,ISNOS,1.1371709446311784,4555.597777868071,75805147023.7247
ANTIOQUIA,ITAGUI,1.4494772171568937,22.64083413199068,376743479.95632493
ANTIOQUIA,ITUANGO,1.2656495319699237,2721.564158080886,45286827590.46594
CAUCA,JAMBALO,1.148105556269511,1123.6049836987197,18696786928.746696
VALLE DEL CAUCA,JAMUNDI,1.2838636183874965,1178.9077675843187,19617025252.60306
ANTIOQUIA,JARDIN,1.3678682335494936,2369.06570841371,39421253388.00414
ANTIOQUIA,JERICO,1.244530576501381,1206.597284529619,20077778814.57286
CUNDINAMARCA,JERUSALEN,1.2528561607986672,109.53721413862749,1822699243.2667615
SANTANDER,JESUS MARIA,1.3279758369038597,432.9998013808725,7205116694.977718
SANTANDER,JORDAN,1.2894563882027603,89.02406904151859,1481360508.8508692
CUNDINAMARCA,JUNIN,1.223327144151726,119.48236216929908,1988186506.4971368
HUILA,LA ARGENTINA,1.313765650260888,2708.682604738391,45072478542.84683
SANTANDER,LA BELLEZA,1.2437782507986306,200.89506306899483,3342893849.468074
BOYACA,LA CAPILLA,1.2084454963131501,95.43094084384947,1587970855.6416552
ANTIOQUIA,LA CEJA,1.3200028548930867,450.0681734043468,7489134405.448331
RISARALDA,LA CELIA,1.29575947106436,3273.464194155182,54470444190.74223
NARINO,LA CRUZ,1.2956338520895245,310.0581371435441,5159367402.068574
VALLE DEL CAUCA,LA CUMBRE,1.337698186032952,701.1411272273115,11666988357.062462
NORTE DE SANTANDER,LA ESPERANZA,1.317731709731218,334.54572646656163,5566840888.403585
ANTIOQUIA,LA ESTRELLA,1.3481033660239727,47.33190918110168,787602968.7735319
NARINO,LA FLORIDA,1.2567763226521576,1168.814547829733,19449074075.88676
CESAR,LA GLORIA,1.3801277441383943,89.63929698178872,1491597901.7769644
CESAR,LA JAGUA DE IBIRICO,1.2265451476775195,2422.7823647559276,40315098549.538635
LA GUAJIRA,LA JAGUA DEL PILAR,1.0559131765501941,209.0180132981109,3478059741.2805657
NARINO,LA LLANADA,1.2257461504942728,80.09025347329579,1332701817.795642
CALDAS,LA MERCED,1.286123706818842,942.9730406025069,15691071395.625713
CUNDINAMARCA,LA MESA,1.2214012876596458,698.8369607473429,11628647026.835787
CAQUETA,LA MONTANITA,1.2626586204985037,118.61415080962944,1973739469.472234
CUNDINAMARCA,LA PALMA,1.22187686188003,854.5684584302742,14220019148.279762
CESAR,LA PAZ,1.1972997899346538,4720.067069867789,78541916042.6
SANTANDER,LA PAZ,1.2099629028453345,39.40849174567254,655757302.6479911
CUNDINAMARCA,LA PENA,1.143218917814295,110.53783716346419,1839349610.4000442
HUILA,LA PLATA,1.3438357316360905,12149.175383930455,202162278388.60275
NORTE DE SANTANDER,LA PLAYA,1.1837108487878738,200.0826447706143,3329375208.983022
CASANARE,LA SALINA,1.2042234652775452,39.48648742645071,657055150.7761399
CAUCA,LA SIERRA,1.3266287452798553,1941.4150384174459,32305146239.2663
QUINDIO,LA TEBAIDA,1.5127285378281938,442.86640673458203,7369297008.063445
NARINO,LA UNION,1.2384537498609327,4048.1090030954333,67360533811.50802
VALLE DEL CAUCA,LA UNION,1.1811560264810192,433.1653495913842,7207871417.200633
CAUCA,LA VEGA,1.1584983068924946,3109.6527403439027,51744621599.32254
CUNDINAMARCA,LA VEGA,1.1912198741499942,457.8691830270333,7618943205.569834
BOYACA,LA VICTORIA,1.252754505093154,151.7712082920356,2525472905.979472
VALLE DEL CAUCA,LA VICTORIA,1.0622061147211594,450.22668378571063,7491772018.194224
RISARALDA,LA VIRGINIA,1.302171378641173,40.1850087448666,668678545.5145802
NORTE DE SANTANDER,LABATECA,1.1787165676837714,1082.3211267785925,18009823549.59578
BOYACA,LABRANZAGRANDE,1.2863366260266917,135.4641100868709,2254122791.8455315
SANTANDER,LANDAZURI,1.1683583317896222,18.635315392044475,310091648.1236201
SANTANDER,LEBRIJA,1.3095558370901372,52.39532904197639,871858275.2584871
NARINO,LEIVA,1.219047210408332,708.1567149983041,11783727737.57178
META,LEJANIAS,1.2948675634069495,316.34909441595187,5264048931.081439
TOLIMA,LERIDA,1.2572035278110811,186.21698653937733,3098650656.015239
TOLIMA,LIBANO,1.2175773840893913,7026.164228400082,116915372760.57736
ANTIOQUIA,LIBORINA,1.2800155176049168,1537.209035557273,25579158351.673023
NARINO,LINARES,1.2902947064006411,598.0774023108252,9952007974.452131
NARINO,LOS ANDES,1.1879724470421866,421.4094661392749,7012253516.557534
NORTE DE SANTANDER,LOS PATIOS,1.2732364938604999,175.63024196311736,2922487226.266273
NORTE DE SANTANDER,LOURDES,1.2285202034461404,1136.4426141978522,18910405100.25226
BOYACA,MACANAL,1.1360200650622931,112.64774965157699,1874458554.2022412
ANTIOQUIA,MACEO,1.471935215708832,83.23793644833444,1385079262.500285
CUNDINAMARCA,MACHETA,1.260574537066975,136.07902127637996,2264354914.038963
SANTANDER,MALAGA,1.2491861171940106,18.86271036962956,313875500.55063593
NARINO,MALLAMA,1.1734569435807782,50.48211771284508,840022438.7417421
CESAR,MANAURE BALCON DEL CESAR,1.141364657924818,819.4199288639645,13635147616.29637
CALDAS,MANIZALES,1.4705083579059812,5024.138855621575,83601670557.54301
CUNDINAMARCA,MANTA,1.1602606649788232,193.19500332562384,3214764855.338381
CALDAS,MANZANARES,1.4863277557851875,3332.019836364118,55444810077.09892
ANTIOQUIA,MARINILLA,1.2921780729746026,29.07400664192856,483791470.5216912
BOYACA,MARIPI,1.23599858223363,266.04869482578886,4427050281.901127
CALDAS,MARMATO,1.2287363732666252,348.9488426439889,5806508741.595975
CALDAS,MARQUETALIA,1.266666704252002,2786.071416003406,46360228362.29667
RISARALDA,MARSELLA,1.3184335388864967,2837.730427422351,47219834312.30792
CALDAS,MARULANDA,1.2086697608053472,165.73279760162922,2757793752.09111
SANTANDER,MATANZA,1.2528516078138086,1250.345904598181,20805755852.513733
ANTIOQUIA,MEDELLIN,1.2053222148196618,383.1478256468741,6375579818.763985
CUNDINAMARCA,MEDINA,1.292580813639882,128.8832329280326,2144616995.9224625
TOLIMA,MELGAR,1.2409360722794753,181.139438470635,3014160256.1513667
CAUCA,MERCADERES,1.2579790550539154,985.3498342426308,16396221241.797377
META,MESETAS,1.1089087476130282,1090.4897733151759,18145749827.964527
BOYACA,MIRAFLORES,1.2142899836528331,725.0282634394337,12064470303.632175
CAUCA,MIRANDA,1.2179035735651742,761.5063884073608,12671466303.098482
RISARALDA,MISTRATO,1.2327857249769885,1629.0646962708415,27107636545.946804
PUTUMAYO,MOCOA,1.2391365872594624,168.73322908712098,2807720932.009693
SANTANDER,MOGOTES,1.2748225789530154,1877.6096871851591,31243425194.761047
SANTANDER,MOLAGAVITA,1.1884736471111446,148.9989411383242,2479342380.5417147
BOYACA,MONGUA,1.346693803830136,92.2485255623643,1535015465.357742
BOYACA,MONIQUIRA,1.2163709731256984,1475.4336629820098,24551216152.02064
ANTIOQUIA,MONTEBELLO,1.269168984317652,1478.759550387869,24606558918.45414
QUINDIO,MONTENEGRO,1.2585116718062963,977.3979196749239,16263901383.390732
CASANARE,MONTERREY,1.3047502952489625,83.24306883688381,1385164665.4457467
CAUCA,MORALES,1.3339321888116038,7436.098361783502,123736676740.07747
BOLIVAR,MORALES,1.15871288595345,82.790035701374,1377626194.0708632
TOLIMA,MURILLO,1.2074461144518458,74.94618032402607,1247104440.591794
BOYACA,MUZO,1.2993177748777633,58.28739538101646,969902259.1401138
ANTIOQUIA,NARINO,1.2228279872861143,1128.4012101078806,18776596136.195133
HUILA,NATAGA,1.3168714993516022,1988.541807595887,33089335678.395557
TOLIMA,NATAGAIMA,1.2481538521465676,120.92114519595947,2012127856.0607655
CALDAS,NEIRA,1.3948158112972293,2620.8728575856067,43611324350.224495
HUILA,NEIVA,1.2604845258216562,4838.155569997038,80506908684.7507
CUNDINAMARCA,NILO,1.2591798965941439,375.17265019022517,6242872899.165347
CUNDINAMARCA,NIMAIMA,1.281318300504982,42.437262112725,706156041.555744
CUNDINAMARCA,NOCAIMA,1.1408119428525487,43.15691579811192,718131078.8805823
CASANARE,NUNCHIA,1.196686637696649,185.71379930414295,3090277620.420939
VALLE DEL CAUCA,OBANDO,1.2776536709711004,1002.063774142634,16674341201.733429
SANTANDER,OCAMONTE,1.312106627582217,1636.6037176495752,27233085861.68893
NORTE DE SANTANDER,OCANA,1.3192090003589723,1029.5107038801418,17131058112.565557
SANTANDER,OIBA,1.23871752632225,1881.847278813499,31313938719.456623
ANTIOQUIA,OLAYA,1.2544951505900794,401.53880780087263,6681605761.80652
SANTANDER,ONZAGA,1.1838607538040593,149.21380940946364,2482917788.573475
HUILA,OPORAPA,1.2400781267605636,2931.172668223944,48774713199.24643
PUTUMAYO,ORITO,1.188286817665206,5.94143408832603,98865463.22974515
TOLIMA,ORTEGA,1.239416890078976,5202.88619201803,86576026235.18002
BOYACA,OTANCHE,1.2007287126539112,164.31972432668775,2734280212.796084
BOYACA,PACHAVITA,1.1397984524869778,140.742312913092,2341952086.873851
CUNDINAMARCA,PACHO,1.3506728810020465,1007.1967673632262,16759754208.924084
CALDAS,PACORA,1.2930482121298188,2885.243128135871,48010445652.180885
BOYACA,PAEZ,1.224480917853292,374.32381658775137,6228748308.020183
CAUCA,PAEZ,1.2736324523664324,6282.867096497182,104546908485.71309
HUILA,PAICOL,1.121623272496294,1449.8999718905095,24126335532.25808
CESAR,PAILITAS,1.236458480905262,348.0383332052131,5791357864.534746
CUNDINAMARCA,PAIME,1.200877875651154,576.6255295514146,9595048811.735538
BOYACA,PAJARITO,1.2168716659784464,52.64186827022759,875960688.016587
HUILA,PALERMO,1.2742664204917222,2600.981646850884,43280334603.59871
CALDAS,PALESTINA,1.2646863485549118,1893.5389885103561,31508488768.812325
HUILA,PALESTINA,1.3540045769579925,5062.758513703629,84244301668.0284
SANTANDER,PALMAS DEL SOCORRO,1.2932962479413372,935.622237610681,15568754033.841732
VALLE DEL CAUCA,PALMIRA,1.4800043704995147,215.07423512098947,3578835272.4132648
TOLIMA,PALOCABILDO,1.2650176235942117,2213.3380851216125,36829945736.42364
NORTE DE SANTANDER,PAMPLONA,1.1379252248685225,49.9094003627334,830492422.0358838
NORTE DE SANTANDER,PAMPLONITA,1.1256701268337435,425.7622120723268,7084683208.883518
CUNDINAMARCA,PANDI,1.3804411942040424,221.0776572517774,3678732216.6695757
SANTANDER,PARAMO,1.2290220306693633,2526.217913379956,42036266078.64246
CUNDINAMARCA,PARATEBUENO,1.1737606343958749,9.20228337366366,153125995.3377633
CUNDINAMARCA,PASCA,1.1596828990019474,18.844847108781646,313578255.8901266
NARINO,PASTO,1.373401908320126,274.9550620456892,4575252232.4402685
CAUCA,PATIA,1.2684227089125568,1852.1381553270264,30819578904.64172
BOYACA,PAUNA,1.2674134863376667,269.46478133025136,4483893961.335382
BOYACA,PAYA,1.1265427150929,220.35175507217122,3666653204.400929
CESAR,PELAYA,1.138242125815888,9.686440490693206,161182369.76513496
ANTIOQUIA,PENOL,1.3562736597615532,149.71904930107786,2491324980.3699355
CALDAS,PENSILVANIA,1.24337120566264,3669.6111741203763,61062329937.36306
ANTIOQUIA,PEQUE,1.1989127839314915,1249.4469577742038,20790797377.36275
RISARALDA,PEREIRA,1.2555804342038601,2722.4373880712037,45301358137.50483
SANTANDER,PIEDECUESTA,1.175208325206954,931.329093560007,15497316116.838516
CAUCA,PIENDAMO - TUNIA,1.3381745054487157,7660.125703285138,127464491702.6647
QUINDIO,PIJAO,1.2791012118174547,1551.3195317164455,25813957007.761654
SANTANDER,PINCHOTE,1.3002369975288746,2008.7751445922843,33426018406.015614
BOYACA,PISBA,1.1248863963268458,185.1338031074723,3080626483.7083387
HUILA,PITAL,1.3159043918696975,4606.257528520283,76648125274.57751
HUILA,PITALITO,1.3870205532146773,19089.120027316574,317642957254.5478
TOLIMA,PLANADAS,1.2851997995189932,14270.524421911025,237461526380.59943
NARINO,POLICARPA,1.2105163725252999,231.5596769003646,3853153023.6220665
CAUCA,POPAYAN,1.2478939682040369,3509.8889696690844,58404552455.293564
VALLE DEL CAUCA,PRADERA,1.1641823067583728,195.12859643577087,3246939844.691227
TOLIMA,PRADO,1.2599673272652385,815.5516515922435,13570779482.494932
NARINO,PROVIDENCIA,1.3027033554642893,128.85038888897284,2144070471.1125083
CESAR,PUEBLO BELLO,1.1917276636840342,5095.040949654899,84781481402.25752
RISARALDA,PUEBLO RICO,1.2520473240214862,579.5101039233449,9643048129.284458
ANTIOQUIA,PUEBLORRICO,1.2998773082984285,1712.7573377332585,28500282099.88142
SANTANDER,PUENTE NACIONAL,1.249057781100996,1152.1184067097477,19171250287.6502
PUTUMAYO,PUERTO ASIS,1.2688622946801185,2.537724589360237,42227737.166954346
BOYACA,PUERTO BOYACA,1.373990294989788,10.991922359918304,182905588.06904057
CAQUETA,PUERTO RICO,1.3090507106585323,1209.431951577418,20124947674.248234
CUNDINAMARCA,PULI,1.201402656964346,646.1864330748431,10752542246.365389
CAUCA,PURACE,1.2016320153072804,352.6789964926868,5868578501.638309
TOLIMA,PURIFICACION,1.2494155609945201,257.1172282970623,4278430678.8631167
CUNDINAMARCA,QUEBRADANEGRA,1.226172586674358,68.5675710468301,1140964382.2192528
CUNDINAMARCA,QUETAME,1.194066748163209,135.2638812319283,2250790983.6992874
QUINDIO,QUIMBAYA,1.3726977172546624,2200.640345416812,36618655347.735756
RISARALDA,QUINCHIA,1.28962831347763,3294.3813193448755,54818505153.89873
BOYACA,QUIPAMA,1.2707523983245412,153.9008229610852,2560909694.0724573
CUNDINAMARCA,QUIPILE,1.2721662677196957,1207.7437679223704,20096856298.22824
NORTE DE SANTANDER,RAGONVALIA,1.2612935570277695,507.94814128622335,8452257071.002757
CASANARE,RECETOR,1.2739165503003764,26.752247556307903,445157399.3369635
ANTIOQUIA,REMEDIOS,1.1404937759012037,8.770397136680257,145939408.35435948
META,RESTREPO,1.1369919700558706,14.871854968330787,247467666.6730243
VALLE DEL CAUCA,RESTREPO,1.2772343068621272,512.6563060883207,8530600933.309655
ANTIOQUIA,RETIRO,1.4057795717500485,216.560343028095,3603564107.9875007
NARINO,RICAURTE,1.1164256662108019,1.5853244460193385,26379798.781761795
CESAR,RIO DE ORO,1.2860398095705368,222.70351382332984,3705786470.0202084
TOLIMA,RIOBLANCO,1.2176113251098701,7006.646961438739,116590605438.34062
VALLE DEL CAUCA,RIOFRIO,1.1959195189202825,2165.559105665658,36034903518.27655
LA GUAJIRA,RIOHACHA,1.1881700752724258,99.53300720557111,1656229239.9007032
SANTANDER,RIONEGRO,1.3036520719941962,1330.7158890087958,22143112393.106365
CALDAS,RIOSUCIO,1.2125566279623883,2615.011749429966,43513795510.51464
CALDAS,RISARALDA,1.3783608008719224,2440.870224224044,40616080531.08809
HUILA,RIVERA,1.4266044553036275,858.5305612017229,14285948538.39667
VALLE DEL CAUCA,ROLDANILLO,1.2881974839045212,657.5346417093847,10941376438.04416
TOLIMA,RONCESVALLES,1.0811553425806566,319.4922152860098,5316350462.359203
BOYACA,RONDON,1.2257299747821404,189.86557309375357,3159363136.2800593
CAUCA,ROSAS,1.2645811761410504,1286.256097500108,21403301462.401794
TOLIMA,ROVIRA,1.249108633080839,7534.810641038583,125379249066.88202
ANTIOQUIA,SABANALARGA,1.2134268960226016,1690.0124437044385,28121807063.24186
CASANARE,SABANALARGA,1.089183833340869,3.267551500022607,54372056.96037618
ANTIOQUIA,SABANETA,1.292721775837904,27.496192172072217,457536637.74328166
CASANARE,SACAMA,1.4753521781935142,225.13874239233024,3746308673.4083753
HUILA,SALADOBLANCO,1.3004370965099503,3564.64112961439,59315628396.78345
CALDAS,SALAMINA,1.2864187604441475,2255.6709755007905,37534365032.33315
NORTE DE SANTANDER,SALAZAR,1.186517594636156,1495.9257877894263,24892205108.816055
QUINDIO,SALENTO,1.2656946845912223,474.96458733970206,7903410733.332643
ANTIOQUIA,SALGAR,1.2938487899533553,7941.630934245795,132148738745.85002
CALDAS,SAMANA,1.2558843192203524,2977.9026623625305,49552300301.71251
NARINO,SAMANIEGO,1.1876109515131992,1354.4821663103187,22538583247.4037
HUILA,SAN AGUSTIN,1.3162000889251277,6081.463024875885,101195544733.93472
CESAR,SAN ALBERTO,1.2223108965885126,29.87327831262325,497091351.1220508
SANTANDER,SAN ANDRES,1.1650677816127135,852.9577735964837,14193217352.645489
ANTIOQUIA,SAN ANDRES DE CUERQUIA,1.2342799959766815,949.3588017054243,15797330460.37826
TOLIMA,SAN ANTONIO,1.2383244231467885,3881.428838399757,64586975870.971954
CUNDINAMARCA,SAN ANTONIO DEL TEQUENDAMA,1.2543850688379656,374.33359224262574,6228910974.917293
SANTANDER,SAN BENITO,1.2724822423547275,216.58920247119818,3604044329.1207376
CUNDINAMARCA,SAN BERNARDO,1.302468910719476,238.29971190523534,3965307206.103116
NARINO,SAN BERNARDO,1.2310199508392254,400.0199330252063,6656331685.539433
NORTE DE SANTANDER,SAN CALIXTO,1.2774001650111737,1257.6004624535005,20926471695.22625
ANTIOQUIA,SAN CARLOS,1.3945203106192663,766.6096503567293,12756384581.935976
CUNDINAMARCA,SAN CAYETANO,1.0782117422971724,385.514608458354,6414963084.747011
NORTE DE SANTANDER,SAN CAYETANO,1.302539611245483,84.79532869208094,1410994269.4362268
BOYACA,SAN EDUARDO,1.3460946227172772,356.62084839648827,5934170917.317565
ANTIOQUIA,SAN FRANCISCO,1.3336892688946185,174.64660976175028,2906119586.435525
CUNDINAMARCA,SAN FRANCISCO,1.3064647722245213,462.67143443559195,7698852669.00825
SANTANDER,SAN GIL,1.2491185687195094,2888.998899291543,48072941684.211266
BOLIVAR,SAN JACINTO,1.275927718688529,75.2797354026232,1252654797.0996501
ANTIOQUIA,SAN JERONIMO,1.2810584222122479,604.1087201626298,10052369103.506159
SANTANDER,SAN JOAQUIN,1.146204174296118,85.34636281808893,1420163477.2929997
CALDAS,SAN JOSE,1.2433651941351147,1421.4150899352633,23652347096.52278
NORTE DE SANTANDER,SAN JOSE DE CUCUTA,1.2134861665330163,28.16501392523131,468665831.715849
SANTANDER,SAN JOSE DE MIRANDA,1.1336129483639799,39.721797710673854,660970713.905613
BOYACA,SAN JOSE DE PARE,1.2973360274510868,1004.6440462978471,16717276930.396177
META,SAN JUAN DE ARAMA,1.1854676699757496,95.63167693694372,1591311104.2307436
CUNDINAMARCA,SAN JUAN DE RIOSECO,1.2002483661596124,1644.3882715733153,27362620838.979965
LA GUAJIRA,SAN JUAN DEL CESAR,1.2023981748787793,287.216852033294,4779288417.834012
META,SAN JUANITO,1.192743894423281,1.192743894423281,19847258.403203398
NARINO,SAN LORENZO,1.243495287700625,3479.971302441707,57906722472.630005
ANTIOQUIA,SAN LUIS,1.3927571861979786,164.27571011205157,2733547816.2645383
TOLIMA,SAN LUIS,1.2331085141146694,270.86461621042827,4507187213.741526
BOYACA,SAN LUIS DE GACENO,1.1707027105897208,2.6926162343563576,44805134.13968979
CESAR,SAN MARTIN,1.175919429817574,24.48264252880189,407391171.6792635
BOYACA,SAN MATEO,1.1435566685175642,142.94458356469553,2378597870.5165334
SANTANDER,SAN MIGUEL,1.213440718320384,86.79741458145706,1444308978.6354454
PUTUMAYO,SAN MIGUEL,1.2553528791088624,16.31958742841521,271557934.8088291
NARINO,SAN PABLO,1.2790318415769417,1313.5529109811034,21857520438.72556
BOYACA,SAN PABLO DE BORBUR,1.2138756982526684,224.44561660691838,3734775060.339122
VALLE DEL CAUCA,SAN PEDRO,1.0973117720242946,442.4799989510766,7362867182.545915
NARINO,SAN PEDRO DE CARTAGO,1.2263931729180995,778.20778787518,12949377590.242994
ANTIOQUIA,SAN RAFAEL,1.1425848674539503,425.0986999362422,7073642366.939071
ANTIOQUIA,SAN ROQUE,1.2758766415140943,989.3147478300286,16462197403.891678
CAUCA,SAN SEBASTIAN,1.2969735042840276,452.56593458486856,7530697151.492213
TOLIMA,SAN SEBASTIAN DE MARIQUITA,1.272911898269296,424.0324115514679,7055899328.216425
SANTANDER,SAN VICENTE DE CHUCURI,1.2276385135288663,1941.3261633688726,32303667358.45804
CAQUETA,SAN VICENTE DEL CAGUAN,1.1353089335937567,1053.5439841963343,17530971897.027004
ANTIOQUIA,SAN VICENTE FERRER,1.2333234001267277,43.2649848764456,719929348.3440548
NARINO,SANDONA,1.2007548845423521,1169.5112424465601,19460667074.31076
ANTIOQUIA,SANTA BARBARA,1.1145548447676152,1547.5594019598338,25751388448.611637
SANTANDER,SANTA BARBARA,1.1916991015587173,306.36200502871503,5097863763.677817
ANTIOQUIA,SANTA FE DE ANTIOQUIA,1.2632166729137384,2146.7104139496073,35721261288.12146
SANTANDER,SANTA HELENA DEL OPON,1.3496638316234177,5.925024220826804,98592403.03455801
TOLIMA,SANTA ISABEL,1.2287349723091892,906.6220993183352,15086191732.657099
BOYACA,SANTA MARIA,1.1936722455343773,6.971045913920763,115998204.0076415
HUILA,SANTA MARIA,1.3898564375684108,3328.4698923819574,55385739009.23577
MAGDALENA,SANTA MARTA,1.1549416605803584,3200.3202426349617,53253328837.44576
CAUCA,SANTA ROSA,1.2314361487990653,49.25744595196261,819643900.6406579
RISARALDA,SANTA ROSA DE CABAL,1.2650476202657344,4430.841940456938,73729209889.20345
ANTIOQUIA,SANTA ROSA DE OSOS,1.2821059832725883,670.6952819695564,11160369491.97342
BOLIVAR,SANTA ROSA DEL SUR,1.2009208064737407,1411.3821778082638,23485399438.72951
BOYACA,SANTA SOFIA,1.1859773464662762,13.045750811129038,217081293.49718717
NARINO,SANTACRUZ,1.245781014729372,171.94269565294792,2861126455.6650534
BOYACA,SANTANA,1.113948706461268,559.1131347470397,9303642562.190739
CAUCA,SANTANDER DE QUILICHAO,1.3039393949956817,4007.2013517309792,66679830492.80349
NORTE DE SANTANDER,SANTIAGO,1.1946473010217245,288.0533572223582,4793207864.18004
VALLE DEL CAUCA,SANTIAGO DE CALI,1.2717478454480173,741.5052987669209,12338648171.481564
ANTIOQUIA,SANTO DOMINGO,1.2369239974997719,818.5097168655241,13620001688.64232
RISARALDA,SANTUARIO,1.2154764989070235,4790.946477621902,79721349387.62845
NORTE DE SANTANDER,SARDINATA,1.2428263911239394,1193.2376181180944,19855473965.48509
CUNDINAMARCA,SASAIMA,1.3759194038494342,855.1751870745388,14230115112.920324
VALLE DEL CAUCA,SEVILLA,1.349324406402696,5433.4055467261205,90411868297.52264
CUNDINAMARCA,SILVANIA,1.4536099756692737,510.50782345504894,8494850182.292014
CAUCA,SILVIA,1.2722897816225807,4.618411907289968,76850374.13730505
SANTANDER,SIMACOTA,1.1997243008800589,887.052153584698,14760547835.649374
SANTANDER,SOCORRO,1.230209344533804,4267.16564291718,71005636298.14186
BOYACA,SOMONDOCO,1.1687172883926353,60.539555538738504,1007378204.1646087
ANTIOQUIA,SONSON,1.3818734149552574,2367.729546652637,39399019656.29988
ANTIOQUIA,SOPETRAN,1.2473077627151523,1102.819631482229,18350918667.86429
CAUCA,SOTARA PAISPAMBA,1.338506205363178,917.5727739005657,15268410957.705414
SANTANDER,SUAITA,1.233405603209111,1141.1591981451015,18988889057.13449
CAUCA,SUAREZ,1.3087068034676808,3101.8052561028544,51614039461.5515
TOLIMA,SUAREZ,1.1378515956066317,2.3098387390814623,38435716.61831553
HUILA,SUAZA,1.3305547513064917,7864.7361628550025,130869209749.90724
CAUCA,SUCRE,1.2475917471286944,1700.2429848219272,28292043267.43687
SANTANDER,SUCRE,1.1375444377147073,187.19431267033224,3114913362.834328
CUNDINAMARCA,SUPATA,1.2178057716844277,852.1961229093288,14180543485.211231
CALDAS,SUPIA,1.2447277095808733,1305.5824473022824,21724891923.109978
SANTANDER,SURATA,1.2350406731005241,178.77213743130088,2974768366.8568463
BOYACA,SUTATENZA,1.2758860794325981,44.91118999602746,747322201.5338969
CASANARE,TAMARA,1.205131363045717,1684.7133889697602,28033630792.45681
ARAUCA,TAME,1.1601687457751206,72.02327573771949,1198467308.2756524
ANTIOQUIA,TAMESIS,1.3863765605655907,1668.43487181266,27762756266.96266
NARINO,TAMINANGO,1.2778418836927044,1708.436263240635,28428379420.32417
NARINO,TANGUA,1.2373069255035531,135.52222755040418,2255089866.4387255
HUILA,TARQUI,1.2859446859634531,3388.6314203228744,56386826834.17263
ANTIOQUIA,TARSO,1.3887747973227393,829.9734821239887,13810758742.543173
CASANARE,TAURAMENA,1.4595101817845024,23.06026087219514,383722740.91332716
HUILA,TELLO,1.273948999264006,3409.0238245805167,56726156441.0198
CUNDINAMARCA,TENA,1.2521985522873702,369.2608310840226,6144500229.238135
BOYACA,TENZA,1.3659620840203763,49.17463502473355,818265926.8115662
NORTE DE SANTANDER,TEORAMA,1.2683577734975633,211.8030645963581,3524402994.8833985
HUILA,TERUEL,1.1610771437591756,2496.8499545683567,41547583244.01745
HUILA,TESALIA,1.2562801448313432,669.2706843574498,11136664187.707964
CUNDINAMARCA,TIBACUY,1.191251214554037,681.1574444819984,11334459876.180452
CUNDINAMARCA,TIBIRITA,1.3625192253407306,202.3341049630985,3366839506.585959
NORTE DE SANTANDER,TIBU,1.1869226523940921,3.5370295041343947,58856170.948796324
HUILA,TIMANA,1.302596606757733,4430.495786632942,73723449889.57216
CAUCA,TIMBIO,1.2272549302884959,4118.949814682159,68539324916.31113
ANTIOQUIA,TITIRIBI,1.4374124182711632,510.4826462248209,8494431233.18102
CUNDINAMARCA,TOCAIMA,1.3475086168528252,78.10159943278975,1299610614.5616217
BOYACA,TOGUI,1.2743621535449923,608.4187229669857,10124087550.17064
ANTIOQUIA,TOLEDO,1.2805840180457095,1204.8630850586667,20048921735.376213
NORTE DE SANTANDER,TOLEDO,1.2392673981387605,1780.5917903197524,29629047390.92068
SANTANDER,TONA,1.269766465055804,515.9569054107753,8585522906.035302
CUNDINAMARCA,TOPAIPI,1.1911787720316063,534.9941218825553,8902302188.125721
CAUCA,TORIBIO,1.22707994012537,2532.570288424751,42141969599.38786
VALLE DEL CAUCA,TORO,1.161050388753525,1029.9445788554772,17138277792.15514
CAUCA,TOTORO,1.2068021712738983,921.8641106144182,15339818800.62392
VALLE DEL CAUCA,TRUJILLO,1.255124539875272,3569.436127705887,59395417165.025955
VALLE DEL CAUCA,TULUA,1.2744610718990415,3450.501395280903,57416343217.47423
BOYACA,TUNUNGUA,1.133828904759536,60.705199560825555,1010134520.6921372
NARINO,TUQUERRES,1.1032039152603654,68.92818062546763,1146964925.6077814
CUNDINAMARCA,UBALA,1.2118754029548775,126.03504190730726,2097223097.3375928
CUNDINAMARCA,UBAQUE,1.3440353199861739,115.04942339081647,1914422405.223186
VALLE DEL CAUCA,ULLOA,1.1316351470171853,584.4442880284955,9725152952.794167
BOYACA,UMBITA,1.206548989725135,48.2619595890054,803079007.5610499
ANTIOQUIA,URAMITA,1.2714395403975451,430.7001443096684,7166850401.312882
META,URIBE,1.2201276088207824,186.5453101126094,3104113960.2738204
ANTIOQUIA,URRAO,1.3653835887869534,1233.555803289573,20526368566.7385
LA GUAJIRA,URUMITA,1.1684319583067135,734.1608523628573,12216436583.317947
ANTIOQUIA,VALDIVIA,1.3038567582586018,45.53067799839038,757630481.8932159
SANTANDER,VALLE DE SAN JOSE,1.2775715423060423,3005.589258998349,50013005269.73253
TOLIMA,VALLE DE SAN JUAN,1.3304043500391793,1284.851305093838,21379925716.761463
CESAR,VALLEDUPAR,1.2104693329943652,2882.999019779339,47973103689.128204
ANTIOQUIA,VALPARAISO,1.3439191528829373,475.8414544612616,7918001802.235393
ANTIOQUIA,VEGACHI,1.1935470618089936,328.32092576241797,5463260204.686635
SANTANDER,VELEZ,1.1993095260756366,316.43781845505674,5265525299.092144
TOLIMA,VENADILLO,1.2802671438652418,1142.830465971308,19016698953.762566
ANTIOQUIA,VENECIA,1.4486320412222295,626.8955158389199,10431541383.559628
CUNDINAMARCA,VENECIA,1.1397081582095347,356.18159360364376,5926861717.564632
CUNDINAMARCA,VERGARA,1.1808817781138947,1127.4941129253655,18761502039.078083
VALLE DEL CAUCA,VERSALLES,1.255055323694251,981.8172291727756,16337438693.434986
CUNDINAMARCA,VIANI,1.2819344215955977,953.7848483555565,15870979876.636461
CALDAS,VICTORIA,1.3227508017650984,105.42323890067834,1754242695.3072877
VALLE DEL CAUCA,VIJES,1.2538337610772097,585.3522913588954,9740262128.212019
NORTE DE SANTANDER,VILLA CARO,1.108596223925589,368.58607253077986,6133272246.912177
NORTE DE SANTANDER,VILLA DEL ROSARIO,1.1013417495434041,96.53260434747938,1606302536.342057
PUTUMAYO,VILLAGARZON,1.2714341068018218,13.98577517482004,232723298.90900543
CUNDINAMARCA,VILLAGOMEZ,1.4393609537108327,164.80682919989036,2742385637.8861756
TOLIMA,VILLAHERMOSA,1.168134049580383,3241.2332287111844,53934120925.754105
CALDAS,VILLAMARIA,1.2037297566146108,1357.133076797577,22582694397.91168
LA GUAJIRA,VILLANUEVA,1.2100261508017796,513.8981062455158,8551264487.925383
SANTANDER,VILLANUEVA,1.1865331882888115,99.68065314814307,1658686068.3851006
TOLIMA,VILLARRICA,1.1992193484461413,1290.7317769260662,21477776768.049744
META,VILLAVICENCIO,1.22797302377866,63.51076478983229,1056819126.1028093
CUNDINAMARCA,VILLETA,1.201741236674661,134.6671229817625,2240860926.4165277
CUNDINAMARCA,VIOTA,1.2278035998243109,2637.7027515385653,43891373785.60173
META,VISTAHERMOSA,1.167147636867474,191.48224130447778,3186264495.3065104
CALDAS,VITERBO,1.4055182198020315,347.0505588335176,5774921298.989733
CUNDINAMARCA,YACOPI,1.2856563746430418,603.2685406737545,10038388516.811274
NARINO,YACUANQUER,1.2201641857685406,567.1445151870754,9437284732.712934
ANTIOQUIA,YALI,1.1267574792519877,207.50365737904605,3452860858.7873263
ANTIOQUIA,YARUMAL,1.333571714420651,296.3196349442686,4930758725.47263
ANTIOQUIA,YOLOMBO,1.3700143647451917,1201.1874945776417,19987759909.771957
CASANARE,YOPAL,1.2454544441128044,105.86362774958837,1761570765.7531505
VALLE DEL CAUCA,YOTOCO,1.2638485148308785,835.2901219368758,13899227629.029613
VALLE DEL CAUCA,YUMBO,1.1598576078457272,241.9926913009325,4026758383.247517
SANTANDER,ZAPATOCA,1.2179025053237371,864.8082109802793,14390408630.711847
BOYACA,ZETAQUIRA,1.2346105975485084,1214.2765610068845,20205561975.15456
CUNDINAMARCA,ZIPACON,1.2425464928652226,108.57371254656314,1806666576.7748108
