fuente,url,cobertura,uso
SUI_1743,https://www.datos.gov.co/Minas-y-Energ-a/Superservicios-Facturaci-n-a-Usuarios-Energia/gw2d-7n7y,"Oficial, nacional",Consumo/facturación
SUPERSERV_TARIFAS,https://www.datos.gov.co/Minas-y-Energ-a/Superservicios-Tarifas-Publicadas-Energia/4is2-3nif,"Oficial, nacional; datos hasta 28-may-2024 según portal",Tarifas/subsidios
UPME_SOLAR,https://geo.upme.gov.co/server/rest/services/Capas_FuenteEnergia_Solar/prediccion_radiacion/FeatureServer,"Oficial, capa mensual espacial",Radiación
IDEAM_ATLAS,https://www.ideam.gov.co/AtlasWeb/,"Oficial, cobertura climática nacional",Clima
IGAC_LADM,https://serviciaf.igac.gov.co/root/LADM_COL/,Modelo oficial; área construida/año/plantas/uso,Catastro
SISBEN_VIV,https://www.datos.gov.co/Estad-sticas-Nacionales/DNP-Sisb-n-Vivienda/np8m-kdhq,"Oficial, muestra nacional; marco marzo-2022",Vivienda
SISBEN_HOG,https://www.datos.gov.co/Estad-sticas-Nacionales/DNP-Sisb-n-Hogares/ab8a-uwf7,"Oficial, nacional; 1.62M filas",Hogares
SAIDI_SAIFI,https://www.datos.gov.co/dataset/Informe-Anual-de-Operadores-de-Red/f2yr-8sxq,XM/SIMEM; indicadores OR,Calidad de red
USER_GRID,https://www.datos.gov.co/en/en/Mining-and-Energy/Superservicios-V-nculo-usuario-alimentador-usuario/jhim-bsjc,Superservicios; Formato 438,Vínculo red
